Dado 1;Dado 2;Dado 3;;;;;;;;;;;
0.23626612;0.18841681;-0.9470087;;;;;;;;;;;
0.23731631;0.18825975;-0.9579727;;;;;;;;;;;
0.23682207;0.19567697;-0.95363206;;;;;;;;;;;
0.23632857;0.20308317;-0.94929785;;;;;;;;;;;
0.23569554;0.2065511;-0.9435675;;;;;;;;;;;
0.23506345;0.21001388;-0.93784565;;;;;;;;;;;
0.22784008;0.21781957;-0.9108128;;;;;;;;;;;
0.22062744;0.22561367;-0.8838201;;;;;;;;;;;
0.22338398;0.23031047;-0.87117404;;;;;;;;;;;
0.22613642;0.2350003;-0.8585467;;;;;;;;;;;
0.22074968;0.22074807;-0.91382396;;;;;;;;;;;
0.21537094;0.206517;-0.9690191;;;;;;;;;;;
0.2100002;0.19230707;-1.0241323;;;;;;;;;;;
0.20940627;0.20448713;-0.994166;;;;;;;;;;;
0.20881324;0.21664909;-0.9642443;;;;;;;;;;;
0.21579511;0.22248128;-0.93254364;;;;;;;;;;;
0.22276662;0.2283048;-0.9008901;;;;;;;;;;;
0.2265018;0.22430149;-0.9294551;;;;;;;;;;;
0.23023142;0.22030412;-0.9579776;;;;;;;;;;;
0.2269425;0.22949712;-0.9544785;;;;;;;;;;;
0.22365847;0.23867647;-0.9509846;;;;;;;;;;;
0.22037932;0.2478422;-0.9474959;;;;;;;;;;;
0.22650246;0.2436696;-0.95453185;;;;;;;;;;;
0.23261651;0.2395032;-0.9615574;;;;;;;;;;;
0.22595783;0.2514729;-0.944027;;;;;;;;;;;
0.21930903;0.26342478;-0.9265226;;;;;;;;;;;
0.22655584;0.24744722;-0.93877935;;;;;;;;;;;
0.23379189;0.2314934;-0.9510179;;;;;;;;;;;
0.22993664;0.23477887;-0.9501941;;;;;;;;;;;
0.22608712;0.23805946;-0.9493715;;;;;;;;;;;
0.22308488;0.24077414;-0.939293;;;;;;;;;;;
0.2200871;0.24348478;-0.9292295;;;;;;;;;obs:;P;150
0.2267717;0.23160437;-0.94050044;;;;;;;;;;Qt;0.002
0.23344637;0.2197416;-0.9517546;;;;;;;;;;Qtb;0.003
0.24011114;0.20789646;-0.9629921;;;;;;;;;;R;0.01
0.24325952;0.2114975;-0.9691635;;;;;;;;;;;
0.2464032;0.2150932;-0.9753257;;;;;;;;;;;
0.24379158;0.21756147;-0.97797227;;;;;;;;;;;
0.24118383;0.22002608;-0.9806149;;;;;;;;;;;
0.24433061;0.21968183;-0.9676848;;;;;;;;;;;
0.24747272;0.21933809;-0.9547739;;;;;;;;;;;
0.2574829;0.21366498;-0.9669887;;;;;;;;;;;
0.2674782;0.2080003;-0.97918534;;;;;;;;;;;
0.27745864;0.20234403;-0.9913638;;;;;;;;;;;
0.26610476;0.20244682;-0.9955294;;;;;;;;;;;
0.25476775;0.20254946;-0.99968886;;;;;;;;;;;
0.25326577;0.20293246;-0.98687065;;;;;;;;;;;
0.25176603;0.20331489;-0.9740715;;;;;;;;;;;
0.25742176;0.20117207;-0.9786836;;;;;;;;;;;
0.2630691;0.19903244;-0.9832888;;;;;;;;;;;
0.26435998;0.19773754;-1.0055599;;;;;;;;;;;
0.26564896;0.19644457;-1.027798;;;;;;;;;;;
0.2708633;0.19795872;-1.0177432;;;;;;;;;;;
0.2760699;0.19947062;-1.0077034;;;;;;;;;;;
0.28126875;0.20098028;-0.9976785;;;;;;;;;;;
0.28561834;0.20052405;-0.99552304;;;;;;;;;;;
0.28996146;0.20006849;-0.9933708;;;;;;;;;;;
0.28616303;0.20592532;-0.9962711;;;;;;;;;;;
0.28237027;0.21177344;-0.9991671;;;;;;;;;;;
0.28952342;0.1986778;-1.0148224;;;;;;;;;;;
0.29666594;0.18560159;-1.0304544;;;;;;;;;;;
0.28921083;0.19063835;-1.0124009;;;;;;;;;;;
0.28176677;0.19566761;-0.99437416;;;;;;;;;;;
0.28948185;0.18498029;-1.0070912;;;;;;;;;;;
0.29718545;0.17430885;-1.0197893;;;;;;;;;;;
0.30487764;0.16365325;-1.0324687;;;;;;;;;;;
0.30358174;0.1666187;-1.0288589;;;;;;;;;;;
0.3022878;0.16957974;-1.0252546;;;;;;;;;;;
0.30239835;0.1711338;-1.033718;;;;;;;;;;;
0.30250874;0.17268553;-1.0421687;;;;;;;;;;;
0.29981378;0.18475446;-1.0165237;;;;;;;;;;;
0.2971228;0.19680546;-0.99091685;;;;;;;;;;;
0.30243066;0.19200736;-0.9938208;;;;;;;;;;;
0.30773062;0.1872164;-0.99672043;;;;;;;;;;;
0.30839413;0.18593904;-1.0098547;;;;;;;;;;;
0.30905667;0.1846636;-1.0229694;;;;;;;;;;;
0.30831563;0.19629395;-1.0067503;;;;;;;;;;;
0.30757567;0.20790704;-0.9905554;;;;;;;;;;;
0.3131485;0.19060932;-1.0038391;;;;;;;;;;;
0.31871307;0.1733373;-1.0171031;;;;;;;;;;;
0.3157135;0.18736888;-1.000472;;;;;;;;;;;
0.3127184;0.20137963;-0.98386556;;;;;;;;;;;
0.30972773;0.21536957;-0.96728384;;;;;;;;;;;
0.30828437;0.21306857;-0.9780775;;;;;;;;;;;
0.30684316;0.21077101;-0.988855;;;;;;;;;;;
0.30905086;0.21282491;-0.99260354;;;;;;;;;;;
0.31125528;0.21487576;-0.9963466;;;;;;;;;;;
0.30742526;0.22155215;-0.98142946;;;;;;;;;;;
0.3036009;0.22821862;-0.9665345;;;;;;;;;;;
0.30314848;0.22028814;-0.981537;;;;;;;;;;;
0.3026967;0.21236946;-0.99651724;;;;;;;;;;;
0.30505082;0.21484175;-0.9992726;;;;;;;;;;;
0.30740145;0.21731038;-1.0020238;;;;;;;;;;;
0.3097486;0.21977536;-1.004771;;;;;;;;;;;
0.309287;0.22027303;-1.0111609;;;;;;;;;;;
0.30882612;0.22076996;-1.0175413;;;;;;;;;;;
0.3085062;0.22126614;-1.0101666;;;;;;;;;;;
0.30818674;0.2217616;-1.002803;;;;;;;;;;;
0.30870932;0.21973164;-1.005549;;;;;;;;;;;
0.30923113;0.2177047;-1.0082909;;;;;;;;;;;
0.31494176;0.23321326;-1.0012106;;;;;;;;;;;
0.32064393;0.2486988;-0.99414074;;;;;;;;;;;
0.31890386;0.25700805;-0.9869412;;;;;;;;;;;
0.31716636;0.26530498;-0.97975236;;;;;;;;;;;
0.32104182;0.25591683;-0.9880028;;;;;;;;;;;
0.32491153;0.24654262;-0.9962409;;;;;;;;;;;
0.31811574;0.25934342;-0.9787993;;;;;;;;;;;
0.31133005;0.27212518;-0.9613835;;;;;;;;;;;
0.30455446;0.28488797;-0.9439936;;;;;;;;;;;
0.3069058;0.27490968;-0.9562244;;;;;;;;;;;
0.3092537;0.2649462;-0.968437;;;;;;;;;;;
0.31257987;0.27042612;-0.9702523;;;;;;;;;;;
0.31590113;0.27589792;-0.9720648;;;;;;;;;;;
0.31192395;0.29089928;-0.95662266;;;;;;;;;;;
0.30795264;0.3058783;-0.9412035;;;;;;;;;;;
0.31100026;0.29839352;-0.9534384;;;;;;;;;;;
0.31404334;0.29091984;-0.96565515;;;;;;;;;;;
0.31708193;0.28345728;-0.9778538;;;;;;;;;;;
0.31324324;0.29031232;-0.96590954;;;;;;;;;;;
0.30941024;0.29715717;-0.95398307;;;;;;;;;;;
0.31007126;0.29557624;-0.9493679;;;;;;;;;;;
0.3107313;0.2939977;-0.94475955;;;;;;;;;;;
0.31139034;0.2924215;-0.940158;;;;;;;;;;;
0.31260946;0.28790215;-0.94832695;;;;;;;;;;;
0.31382677;0.28338954;-0.9564838;;;;;;;;;;;
0.30578512;0.29276937;-0.94344926;;;;;;;;;;;
0.2977554;0.30213526;-0.93043405;;;;;;;;;;;
0.30530646;0.2912898;-0.9452097;;;;;;;;;;;
0.3128463;0.28046045;-0.9599633;;;;;;;;;;;
0.3149048;0.28535628;-0.9566015;;;;;;;;;;;
0.31696028;0.29024488;-0.95324475;;;;;;;;;;;
0.31340227;0.29147944;-0.9550826;;;;;;;;;;;
0.30984956;0.29271215;-0.9569177;;;;;;;;;;;
0.31387618;0.2912781;-0.96323836;;;;;;;;;;;
0.3178968;0.28984618;-0.96954966;;;;;;;;;;;
0.32191148;0.2884164;-0.9758516;;;;;;;;;;;
0.31652278;0.30017316;-0.9674169;;;;;;;;;;;
0.31114206;0.31191248;-0.9589946;;;;;;;;;;;
0.30703166;0.31241354;-0.96110445;;;;;;;;;;;
0.30292737;0.31291386;-0.9632111;;;;;;;;;;;
0.3089279;0.30990696;-0.96741855;;;;;;;;;;;
0.3149195;0.30690452;-0.9716197;;;;;;;;;;;
0.32090223;0.30390656;-0.97581464;;;;;;;;;;;
0.848082;4.283033;3.3081636;;;;;;;;;;;
1.3744787;8.256248;7.5857787;;;;;;;;;;;
1.9000936;12.223564;11.85704;;;;;;;;;;;
2.1974263;12.412274;9.34572;;;;;;;;;;;
2.494317;12.600705;6.8381305;;;;;;;;;;;
5.1333885;13.0186;7.538503;;;;;;;;;;;
7.76854;13.435876;8.237835;;;;;;;;;;;
10.635134;13.777071;8.091343;;;;;;;;;;;
13.49747;14.11776;7.9450684;;;;;;;;;;;
16.355555;14.457943;7.799011;;;;;;;;;;;
19.305613;14.799163;7.4673266;;;;;;;;;;;
22.25129;15.139876;7.1361346;;;;;;;;;;;
25.69374;15.308546;7.104749;;;;;;;;;;;
29.131077;15.476965;7.0734105;;;;;;;;;;;
32.682106;15.547092;7.0783052;;;;;;;;;;;
36.227863;15.617115;7.083193;;;;;;;;;;;
39.768353;15.687034;7.088073;;;;;;;;;;;
43.85845;15.718839;6.935995;;;;;;;;;;;
47.94248;15.750596;6.784143;;;;;;;;;;;
52.181736;15.708389;6.7576284;;;;;;;;;;;
56.414696;15.666245;6.731153;;;;;;;;;;;
60.768303;15.65993;6.778634;;;;;;;;;;;
65.11545;15.653625;6.8260446;;;;;;;;;;;
69.62795;15.81017;6.917567;;;;;;;;;;;
74.13375;15.966483;7.0089526;;;;;;;;;;;
77.45664;16.05594;6.802291;;;;;;;;;;;
80.7746;16.145266;6.5959363;;;;;;;;;;;
84.08762;16.234457;6.389888;;;;;;;;;;;
86.425415;16.21706;6.4862657;;;;;;;;;;;
88.759735;16.199688;6.5825;;;;;;;;;;;
91.33421;16.245317;7.002031;;;;;;;;;;;
93.90487;16.29088;7.4209385;;;;;;;;;;;
94.89953;16.354889;7.407364;;;;;;;;;;;
95.892715;16.418804;7.3938093;;;;;;;;;;;
95.95239;16.43802;7.673699;;;;;;;;;;;
96.011986;16.457209;7.9531727;;;;;;;;;;;
96.07149;16.476368;8.232231;;;;;;;;;;;
94.83757;16.212875;8.449301;;;;;;;;;;;
93.605484;15.949774;8.666048;;;;;;;;;;;
91.891335;16.498747;8.81557;;;;;;;;;;;
90.179726;17.046906;8.9648695;;;;;;;;;;;
87.87722;17.490175;9.238919;;;;;;;;;;;
85.57813;17.932789;9.512562;;;;;;;;;;;
83.28246;18.374744;9.785798;;;;;;;;;;;
79.88551;18.621363;9.93015;;;;;;;;;;;
76.493614;18.867615;10.074287;;;;;;;;;;;
73.24308;19.568504;9.997722;;;;;;;;;;;
69.99738;20.268353;9.92127;;;;;;;;;;;
66.16405;21.066324;9.75713;;;;;;;;;;;
62.336403;21.863111;9.593233;;;;;;;;;;;
57.661102;23.188337;9.794957;;;;;;;;;;;
52.992744;24.511595;9.996381;;;;;;;;;;;
48.33132;25.832888;10.197506;;;;;;;;;;;
43.67682;25.893944;9.695068;;;;;;;;;;;
39.029232;25.954912;9.1933775;;;;;;;;;;;
34.388546;25.46106;8.843351;;;;;;;;;;;
29.754753;24.967941;8.493846;;;;;;;;;;;
25.127844;24.475555;8.144859;;;;;;;;;;;
20.507807;23.753033;7.5756216;;;;;;;;;;;
15.894632;23.031584;7.00723;;;;;;;;;;;
11.28831;22.929472;7.4927535;;;;;;;;;;;
6.688829;22.82751;7.977556;;;;;;;;;;;
2.2243774;22.516293;7.3990297;;;;;;;;;;;
-2.2334433;22.205538;6.821362;;;;;;;;;;;
-6.684643;21.895245;6.244552;;;;;;;;;;;
-9.255919;21.550207;6.3999147;;;;;;;;;;;
-11.823377;21.20568;6.5550466;;;;;;;;;;;
-14.671047;20.843292;6.1615314;;;;;;;;;;;
-17.514488;20.481443;5.7686005;;;;;;;;;;;
-18.81323;20.293072;5.9595947;;;;;;;;;;;
-20.110044;20.10498;6.1503053;;;;;;;;;;;
-20.275698;20.170057;6.022062;;;;;;;;;;;
-20.441107;20.235039;5.894009;;;;;;;;;;;
-20.807684;19.960354;5.3556056;;;;;;;;;;;
-21.173716;19.686075;4.8180017;;;;;;;;;;;
-21.539204;19.412205;4.281196;;;;;;;;;;;
-21.8127;18.909557;3.2680237;;;;;;;;;;;
-22.08579;18.407654;2.2563562;;;;;;;;;;;
-22.49565;18.07972;1.2355316;;;;;;;;;;;
-22.904898;17.75227;0.21622324;;;;;;;;;;;
-23.10315;17.58324;-0.3632589;;;;;;;;;;;
-23.301107;17.414463;-0.94188035;;;;;;;;;;;
-23.49877;17.245935;-1.5196422;;;;;;;;;;;
-23.204668;16.934313;-2.2023022;;;;;;;;;;;
-22.911003;16.623154;-2.8839483;;;;;;;;;;;
-22.467134;16.807993;-3.133002;;;;;;;;;;;
-22.023926;16.99256;-3.3816857;;;;;;;;;;;
-21.579973;17.017515;-3.2215633;;;;;;;;;;;
-21.13668;17.042435;-3.0616786;;;;;;;;;;;
-20.694046;17.067316;-2.9020312;;;;;;;;;;;
-19.361279;17.044893;-2.5389636;;;;;;;;;;;
-18.03049;17.022505;-2.1764352;;;;;;;;;;;
-13.9182205;16.966206;-2.360337;;;;;;;;;;;
-9.812058;16.90999;-2.5439658;;;;;;;;;;;
-5.1882644;17.077713;-2.9034882;;;;;;;;;;;
-0.571338;17.245188;-3.2624764;;;;;;;;;;;
4.038731;17.951012;-3.6916227;;;;;;;;;;;
8.641953;18.655787;-4.120132;;;;;;;;;;;
13.2383375;19.359514;-4.548004;;;;;;;;;;;
17.440779;19.95546;-5.410047;;;;;;;;;;;
21.636978;20.55052;-6.270809;;;;;;;;;;;
25.498596;21.640234;-6.3449774;;;;;;;;;;;
29.354479;22.72833;-6.4190354;;;;;;;;;;;
33.20463;23.81481;-6.4929833;;;;;;;;;;;
37.32945;24.101316;-6.278868;;;;;;;;;;;
41.448135;24.387398;-6.0650706;;;;;;;;;;;
44.88872;24.33026;-5.861409;;;;;;;;;;;
48.324196;24.273205;-5.65805;;;;;;;;;;;
52.49304;23.908365;-5.309964;;;;;;;;;;;
56.655685;23.544067;-4.962395;;;;;;;;;;;
60.812153;23.18031;-4.6153426;;;;;;;;;;;
64.21276;23.023134;-4.394198;;;;;;;;;;;
67.608315;22.866194;-4.173382;;;;;;;;;;;
69.74953;22.49559;-3.769153;;;;;;;;;;;
71.88756;22.125536;-3.365525;;;;;;;;;;;
74.02242;21.756031;-2.9624963;;;;;;;;;;;
75.903046;21.542484;-2.7518015;;;;;;;;;;;
77.780876;21.329254;-2.5414195;;;;;;;;;;;
79.37175;21.219994;-2.4540775;;;;;;;;;;;
80.960266;21.110893;-2.3668652;;;;;;;;;;;
82.54642;21.001957;-2.2797823;;;;;;;;;;;
83.95152;20.903141;-2.3685746;;;;;;;;;;;
85.354546;20.804472;-2.457235;;;;;;;;;;;
85.67407;20.818296;-2.6436653;;;;;;;;;;;
85.993126;20.8321;-2.8298185;;;;;;;;;;;
86.31171;20.845884;-3.0156953;;;;;;;;;;;
86.0727;20.911404;-3.0899296;;;;;;;;;;;
85.834045;20.976826;-3.1640537;;;;;;;;;;;
84.81717;20.913532;-3.1533508;;;;;;;;;;;
83.801796;20.850332;-3.1426637;;;;;;;;;;;
82.78793;20.787226;-3.1319923;;;;;;;;;;;
80.36414;20.724495;-3.1918876;;;;;;;;;;;
77.943954;20.661856;-3.251694;;;;;;;;;;;
75.52736;20.59931;-3.3114116;;;;;;;;;;;
71.519035;20.675434;-3.4544952;;;;;;;;;;;
67.51667;20.751444;-3.597366;;;;;;;;;;;
62.833675;20.774605;-3.7807002;;;;;;;;;;;
58.157635;20.79773;-3.963762;;;;;;;;;;;
53.48854;20.820822;-4.146552;;;;;;;;;;;
48.82638;20.426184;-3.962852;;;;;;;;;;;
44.171143;20.032133;-3.7794247;;;;;;;;;;;
40.24404;19.896044;-3.6059477;;;;;;;;;;;
36.32277;19.760159;-3.4327285;;;;;;;;;;;
32.407322;19.624475;-3.2597666;;;;;;;;;;;
29.124231;19.170744;-3.2723448;;;;;;;;;;;
25.846016;18.717686;-3.2849045;;;;;;;;;;;
22.384722;18.883286;-3.2549465;;;;;;;;;;;
18.92857;19.04864;-3.2250333;;;;;;;;;;;
14.704157;18.589872;-3.105398;;;;;;;;;;;
10.486018;18.131784;-2.9859402;;;;;;;;;;;
6.274145;17.674377;-2.86666;;;;;;;;;;;
2.597308;17.178238;-2.6760244;;;;;;;;;;;
-1.0740681;16.682835;-2.485672;;;;;;;;;;;
-3.6351635;15.949445;-2.5424597;;;;;;;;;;;
-6.1924553;15.217144;-2.599163;;;;;;;;;;;
-8.878214;14.948789;-2.7357304;;;;;;;;;;;
-11.559983;14.680833;-2.8720949;;;;;;;;;;;
-14.237769;14.413275;-3.008257;;;;;;;;;;;
-15.262542;13.931516;-3.1617491;;;;;;;;;;;
-16.285791;13.450472;-3.3150134;;;;;;;;;;;
-17.092785;13.233972;-3.4116654;;;;;;;;;;;
-17.898579;13.017794;-3.508174;;;;;;;;;;;
-18.703176;12.801937;-3.6045392;;;;;;;;;;;
-19.261124;12.484431;-3.439457;;;;;;;;;;;
-19.818241;12.1673975;-3.27462;;;;;;;;;;;
-19.649107;12.065713;-3.2738514;;;;;;;;;;;
-19.480225;11.96418;-3.273084;;;;;;;;;;;
-19.87656;11.811322;-3.174276;;;;;;;;;;;
-20.272306;11.658691;-3.075615;;;;;;;;;;;
-19.988468;11.580625;-2.9794848;;;;;;;;;;;
-19.70505;11.502674;-2.8834972;;;;;;;;;;;
-19.572832;11.5694475;-2.8352005;;;;;;;;;;;
-19.440811;11.636122;-2.7869754;;;;;;;;;;;
-19.308987;11.702697;-2.738822;;;;;;;;;;;
-18.91942;11.955579;-2.8475506;;;;;;;;;;;
-18.530432;12.208084;-2.9561179;;;;;;;;;;;
-16.281473;13.175541;-3.1624253;;;;;;;;;;;
-14.035855;14.141561;-3.368426;;;;;;;;;;;
-11.393411;14.796451;-3.7042823;;;;;;;;;;;
-8.75489;15.450369;-4.03964;;;;;;;;;;;
-6.12029;16.103315;-4.3744993;;;;;;;;;;;
-2.7870405;17.02291;-4.633682;;;;;;;;;;;
0.5412582;17.941137;-4.8924794;;;;;;;;;;;
3.1808462;18.731346;-5.025921;;;;;;;;;;;
5.8165135;19.52038;-5.1591644;;;;;;;;;;;
7.986531;20.09042;-5.3006253;;;;;;;;;;;
10.153325;20.659613;-5.4418764;;;;;;;;;;;
12.573296;21.176765;-5.384169;;;;;;;;;;;
14.989672;21.69315;-5.3265476;;;;;;;;;;;
17.40246;22.208767;-5.2690115;;;;;;;;;;;
20.031311;22.628523;-5.0805583;;;;;;;;;;;
22.656256;23.047655;-4.892385;;;;;;;;;;;
24.944044;23.25325;-4.627208;;;;;;;;;;;
27.228436;23.45854;-4.362425;;;;;;;;;;;
30.353098;23.951899;-4.1331;;;;;;;;;;;
33.473118;24.444525;-3.904116;;;;;;;;;;;
36.588505;24.936419;-3.6754718;;;;;;;;;;;
39.845135;25.355629;-3.4330008;;;;;;;;;;;
43.096928;25.774218;-3.1908903;;;;;;;;;;;
47.258663;26.178577;-2.8332846;;;;;;;;;;;
51.414223;26.582336;-2.4762099;;;;;;;;;;;
55.01014;26.925184;-2.3474476;;;;;;;;;;;
58.600716;27.267523;-2.2188768;;;;;;;;;;;
62.316822;27.586351;-1.8798265;;;;;;;;;;;
66.02741;27.904707;-1.5412798;;;;;;;;;;;
69.73249;28.22259;-1.2032359;;;;;;;;;;;
72.24855;28.264809;-1.1762296;;;;;;;;;;;
74.76087;28.306965;-1.1492634;;;;;;;;;;;
76.05285;28.096731;-1.0207891;;;;;;;;;;;
77.3429;27.88681;-0.8925057;;;;;;;;;;;
78.63104;27.6772;-0.76441276;;;;;;;;;;;
80.00844;27.338442;-0.4919021;;;;;;;;;;;
81.38379;27.000187;-0.21979621;;;;;;;;;;;
82.31486;26.832148;-0.2570871;;;;;;;;;;;
83.244545;26.66436;-0.2943226;;;;;;;;;;;
83.90832;26.556852;-0.4092068;;;;;;;;;;;
84.571106;26.449505;-0.52392036;;;;;;;;;;;
84.31659;26.442041;-0.64393365;;;;;;;;;;;
84.062454;26.434587;-0.76376873;;;;;;;;;;;
84.2536;26.38577;-0.6473683;;;;;;;;;;;
84.444466;26.337025;-0.5311408;;;;;;;;;;;
84.15241;26.329727;-0.49349123;;;;;;;;;;;
83.860794;26.322441;-0.4558976;;;;;;;;;;;
82.580215;26.335785;-0.46520662;;;;;;;;;;;
81.30154;26.349108;-0.4745018;;;;;;;;;;;
80.02476;26.362411;-0.48378316;;;;;;;;;;;
78.04969;26.309774;-0.3811233;;;;;;;;;;;
76.07756;26.257214;-0.27861595;;;;;;;;;;;
73.20972;26.176119;-0.23741418;;;;;;;;;;;
70.34614;26.095142;-0.19627361;;;;;;;;;;;
67.80057;25.842049;-0.22798905;;;;;;;;;;;
65.25877;25.589333;-0.25965738;;;;;;;;;;;
62.72076;25.33699;-0.2912787;;;;;;;;;;;
59.257996;25.032145;-0.40139857;;;;;;;;;;;
55.800373;24.727753;-0.51135486;;;;;;;;;;;
52.272144;24.446535;-0.6238128;;;;;;;;;;;
48.749157;24.165735;-0.7361037;;;;;;;;;;;
45.231403;23.885351;-0.84822786;;;;;;;;;;;
41.92842;23.417015;-0.9991777;;;;;;;;;;;
38.630344;22.949375;-1.1499033;;;;;;;;;;;
35.442223;22.793806;-1.383439;;;;;;;;;;;
32.25884;22.638468;-1.6166278;;;;;;;;;;;
29.080181;22.48336;-1.8494703;;;;;;;;;;;
26.19546;21.941366;-2.0586836;;;;;;;;;;;
23.315023;21.400177;-2.2675862;;;;;;;;;;;
20.115425;20.889666;-2.4606097;;;;;;;;;;;
16.92058;20.379913;-2.6533465;;;;;;;;;;;
13.73048;19.870918;-2.8457973;;;;;;;;;;;
11.149499;19.327614;-2.8695097;;;;;;;;;;;
8.572351;18.785116;-2.893187;;;;;;;;;;;
6.2453284;18.275965;-2.9284708;;;;;;;;;;;
3.921762;17.76757;-2.9637022;;;;;;;;;;;
1.6016467;17.259932;-2.998881;;;;;;;;;;;
-1.8055439;16.835379;-3.0509794;;;;;;;;;;;
-5.207673;16.411457;-3.1030002;;;;;;;;;;;
-7.7442546;15.671739;-3.3334947;;;;;;;;;;;
-10.277069;14.933119;-3.5636468;;;;;;;;;;;
-12.3424225;14.43039;-3.7840595;;;;;;;;;;;
-14.404708;13.928409;-4.0041447;;;;;;;;;;;
-16.46393;13.427173;-4.223903;;;;;;;;;;;
-17.075556;13.200189;-4.076696;;;;;;;;;;;
-17.686274;12.973541;-3.9297073;;;;;;;;;;;
-19.01618;12.51468;-3.8515239;;;;;;;;;;;
-20.34411;12.0564995;-3.7734568;;;;;;;;;;;
-20.907194;11.620039;-3.6194847;;;;;;;;;;;
-21.469442;11.184227;-3.4657414;;;;;;;;;;;
-22.61574;10.707264;-3.4432292;;;;;;;;;;;
-23.760332;10.2310095;-3.4207504;;;;;;;;;;;
-24.903227;9.755463;-3.3983052;;;;;;;;;;;
-24.535788;9.852322;-3.4472854;;;;;;;;;;;
-24.168894;9.949037;-3.496193;;;;;;;;;;;
-22.36432;10.521931;-3.5483942;;;;;;;;;;;
-20.562428;11.093974;-3.6005177;;;;;;;;;;;
-18.256592;11.754374;-3.6778107;;;;;;;;;;;
-15.95418;12.413792;-3.754989;;;;;;;;;;;
-13.655188;13.07223;-3.8320525;;;;;;;;;;;
-9.025685;14.666347;-4.0022745;;;;;;;;;;;
-4.4030585;16.258097;-4.1722436;;;;;;;;;;;
0.21270192;17.543118;-4.510553;;;;;;;;;;;
4.821606;18.82623;-4.848359;;;;;;;;;;;
9.423665;20.107435;-5.185664;;;;;;;;;;;
14.018888;21.254053;-5.7541776;;;;;;;;;;;
18.607286;22.398968;-6.3218465;;;;;;;;;;;
23.08704;23.300512;-6.596651;;;;;;;;;;;
27.56014;24.20072;-6.8710475;;;;;;;;;;;
31.3159;24.899439;-6.8412333;;;;;;;;;;;
35.066082;25.59712;-6.8114634;;;;;;;;;;;
38.81069;26.293766;-6.7817373;;;;;;;;;;;
41.77789;26.835793;-6.7287726;;;;;;;;;;;
44.74068;27.377014;-6.6758866;;;;;;;;;;;
48.33445;28.03609;-6.4194217;;;;;;;;;;;
51.922882;28.69419;-6.1633377;;;;;;;;;;;
54.815765;29.118338;-6.153089;;;;;;;;;;;
57.70435;29.541857;-6.142855;;;;;;;;;;;
60.586823;29.804148;-5.833322;;;;;;;;;;;
63.46501;30.06605;-5.5242486;;;;;;;;;;;
65.41994;30.179447;-5.451972;;;;;;;;;;;
67.37196;30.292677;-5.379803;;;;;;;;;;;
69.32109;30.405739;-5.3077416;;;;;;;;;;;
69.440155;30.083126;-5.3196626;;;;;;;;;;;
69.559044;29.760992;-5.331566;;;;;;;;;;;
69.67776;29.439335;-5.343451;;;;;;;;;;;
70.21806;29.14593;-5.176908;;;;;;;;;;;
70.75756;28.852959;-5.0106125;;;;;;;;;;;
71.42796;28.812471;-4.942325;;;;;;;;;;;
72.09737;28.772043;-4.874139;;;;;;;;;;;
72.789055;28.882315;-4.826532;;;;;;;;;;;
73.47972;28.992422;-4.778996;;;;;;;;;;;
72.36674;28.905302;-4.6447096;;;;;;;;;;;
71.25541;28.81831;-4.510623;;;;;;;;;;;
70.14573;28.731447;-4.376735;;;;;;;;;;;
67.47703;28.438953;-4.335057;;;;;;;;;;;
64.812294;28.146893;-4.2934403;;;;;;;;;;;
61.648964;27.80309;-3.9710853;;;;;;;;;;;
58.49033;27.459795;-3.649209;;;;;;;;;;;
54.174194;26.886284;-3.4003253;;;;;;;;;;;
49.864468;26.313625;-3.1518111;;;;;;;;;;;
45.561146;25.741817;-2.9036663;;;;;;;;;;;
41.89735;25.172401;-2.690534;;;;;;;;;;;
38.238995;24.603832;-2.4777186;;;;;;;;;;;
34.877953;24.251684;-2.2852762;;;;;;;;;;;
31.521904;23.90006;-2.0931196;;;;;;;;;;;
28.17084;23.54896;-1.9012486;;;;;;;;;;;
24.223318;23.00903;-1.8084055;;;;;;;;;;;
20.28166;22.469902;-1.7157003;;;;;;;;;;;
16.226074;21.919231;-1.6948056;;;;;;;;;;;
12.176512;21.369379;-1.673942;;;;;;;;;;;
8.132964;20.820343;-1.6531093;;;;;;;;;;;
3.5381699;19.716833;-1.8595287;;;;;;;;;;;
-1.0497998;18.614964;-2.0656414;;;;;;;;;;;
-4.9889855;17.844622;-2.339334;;;;;;;;;;;
-8.92232;17.075424;-2.6126199;;;;;;;;;;;
-12.8498125;16.307367;-2.8855;;;;;;;;;;;
-15.930753;15.526286;-3.2360995;;;;;;;;;;;
-19.007116;14.746365;-3.5861783;;;;;;;;;;;
-21.361202;14.288237;-3.6947706;;;;;;;;;;;
-23.71179;13.830789;-3.8032017;;;;;;;;;;;
-26.058887;13.37402;-3.9114716;;;;;;;;;;;
-27.758846;12.820028;-4.1167808;;;;;;;;;;;
-29.45628;12.26686;-4.321785;;;;;;;;;;;
-30.040192;12.09083;-4.3576117;;;;;;;;;;;
-30.623238;11.915061;-4.3933854;;;;;;;;;;;
-31.045382;11.761995;-4.439345;;;;;;;;;;;
-31.466898;11.609157;-4.485236;;;;;;;;;;;
-31.7436;11.520925;-4.273121;;;;;;;;;;;
-32.019894;11.432824;-4.061321;;;;;;;;;;;
-31.901646;11.530137;-4.1958566;;;;;;;;;;;
-31.783573;11.627306;-4.3301926;;;;;;;;;;;
-31.665676;11.724331;-4.4643292;;;;;;;;;;;
-30.63458;12.17663;-4.5085;;;;;;;;;;;
-29.605017;12.628258;-4.552605;;;;;;;;;;;
-25.49407;13.886831;-4.689637;;;;;;;;;;;
-21.389229;15.143535;-4.826466;;;;;;;;;;;
-16.78036;16.767817;-4.850182;;;;;;;;;;;
-12.178334;18.389687;-4.873863;;;;;;;;;;;
-7.583145;20.009148;-4.8975086;;;;;;;;;;;
-2.9626615;21.463501;-4.7767916;;;;;;;;;;;
1.6509595;22.915695;-4.656254;;;;;;;;;;;
6.058559;24.025322;-4.373895;;;;;;;;;;;
10.459611;25.1333;-4.091956;;;;;;;;;;;
14.925379;26.077353;-3.811137;;;;;;;;;;;
19.384514;27.02;-3.5307348;;;;;;;;;;;
23.582733;27.95606;-3.5123339;;;;;;;;;;;
27.774717;28.89073;-3.4939601;;;;;;;;;;;
31.960476;29.82401;-3.4756138;;;;;;;;;;;
36.061474;30.717052;-3.5055442;;;;;;;;;;;
40.15638;31.608768;-3.53543;;;;;;;;;;;
43.40715;32.272358;-3.6227782;;;;;;;;;;;
46.65309;32.934963;-3.7099967;;;;;;;;;;;
50.078373;33.331352;-3.4976304;;;;;;;;;;;
53.498566;33.72715;-3.2855797;;;;;;;;;;;
55.483025;33.91422;-3.2187324;;;;;;;;;;;
57.46454;34.10101;-3.1519845;;;;;;;;;;;
59.44311;34.28752;-3.0853355;;;;;;;;;;;
61.26081;34.333633;-2.751871;;;;;;;;;;;
63.07581;34.37968;-2.418902;;;;;;;;;;;
64.14011;34.52945;-2.393316;;;;;;;;;;;
65.20282;34.678997;-2.367768;;;;;;;;;;;
66.263954;34.828323;-2.342258;;;;;;;;;;;
67.41904;34.90898;-2.2014923;;;;;;;;;;;
68.5724;34.989517;-2.0609357;;;;;;;;;;;
68.68164;34.934723;-1.9705204;;;;;;;;;;;
68.79072;34.880013;-1.8802394;;;;;;;;;;;
68.89963;34.825382;-1.7900925;;;;;;;;;;;
68.20904;34.634922;-1.7592691;;;;;;;;;;;
67.51948;34.444744;-1.7284915;;;;;;;;;;;
67.316666;34.467484;-1.5900401;;;;;;;;;;;
67.11415;34.49019;-1.4517941;;;;;;;;;;;
65.58999;34.405983;-1.3714005;;;;;;;;;;;
64.068085;34.3219;-1.2911263;;;;;;;;;;;
62.548443;34.23794;-1.2109712;;;;;;;;;;;
58.139458;34.02016;-1.3344524;;;;;;;;;;;
53.737022;33.802704;-1.4577502;;;;;;;;;;;
49.074493;32.987362;-1.1544746;;;;;;;;;;;
44.418888;32.17323;-0.85164946;;;;;;;;;;;
39.86572;31.366198;-0.7816849;;;;;;;;;;;
35.31931;30.560366;-0.7118241;;;;;;;;;;;
30.779652;29.75573;-0.64206713;;;;;;;;;;;
27.034578;29.030975;-0.6307619;;;;;;;;;;;
23.295067;28.307297;-0.6194735;;;;;;;;;;;
19.56111;27.584694;-0.60820186;;;;;;;;;;;
16.056553;27.038347;-0.46173638;;;;;;;;;;;
12.557201;26.492813;-0.31548843;;;;;;;;;;;
8.284885;25.853975;-0.3627359;;;;;;;;;;;
4.018915;25.216085;-0.4099132;;;;;;;;;;;
-0.24071872;24.579144;-0.45702043;;;;;;;;;;;
-4.7537875;23.668518;-0.8050555;;;;;;;;;;;
-9.260152;22.759247;-1.1525737;;;;;;;;;;;
-13.829112;21.752441;-1.4931238;;;;;;;;;;;
-18.391287;20.747131;-1.833168;;;;;;;;;;;
-22.946684;19.743315;-2.172707;;;;;;;;;;;
-25.719906;19.002434;-2.5389524;;;;;;;;;;;
-28.489008;18.262653;-2.9046535;;;;;;;;;;;
-30.451431;18.2184;-2.6927824;;;;;;;;;;;
-32.41094;18.17421;-2.4812257;;;;;;;;;;;
-33.929363;17.438463;-3.0951326;;;;;;;;;;;
-35.44553;16.703812;-3.7081277;;;;;;;;;;;
-36.959446;15.97025;-4.3202124;;;;;;;;;;;
-37.70221;15.675389;-4.621273;;;;;;;;;;;
-38.44387;15.380967;-4.9218864;;;;;;;;;;;
-38.690292;15.33945;-4.639835;;;;;;;;;;;
-38.93635;15.297995;-4.3582015;;;;;;;;;;;
-39.365086;15.207369;-3.8031995;;;;;;;;;;;
-39.79318;15.1168785;-3.2490218;;;;;;;;;;;
-40.22064;15.026523;-2.6956673;;;;;;;;;;;
-40.17563;14.884404;-2.542735;;;;;;;;;;;
-40.130688;14.742497;-2.39003;;;;;;;;;;;
-39.99422;14.713289;-2.1490476;;;;;;;;;;;
-39.85796;14.684125;-1.9084233;;;;;;;;;;;
-38.63839;15.38716;-2.961914;;;;;;;;;;;
-37.42063;16.089151;-4.0138397;;;;;;;;;;;
-36.20468;16.7901;-5.0642033;;;;;;;;;;;
-31.541687;18.09551;-4.6737995;;;;;;;;;;;
-26.885618;19.398981;-4.2839756;;;;;;;;;;;
-22.668886;20.425325;-4.3012037;;;;;;;;;;;
-18.458418;21.450146;-4.3184066;;;;;;;;;;;
-14.380156;22.12083;-4.429418;;;;;;;;;;;
-10.307951;22.79052;-4.540264;;;;;;;;;;;
-6.2417946;23.459215;-4.6509457;;;;;;;;;;;
-2.3634548;23.903622;-4.971432;;;;;;;;;;;
1.5091248;24.347368;-5.291443;;;;;;;;;;;
6.1161036;24.773905;-5.3146086;;;;;;;;;;;
10.71624;25.199808;-5.33774;;;;;;;;;;;
15.309544;25.62508;-5.360837;;;;;;;;;;;
18.975077;25.956587;-5.537765;;;;;;;;;;;
22.635166;26.2876;-5.71443;;;;;;;;;;;
26.260645;26.711815;-5.7483287;;;;;;;;;;;
29.88074;27.1354;-5.782177;;;;;;;;;;;
33.42771;27.582623;-5.74332;;;;;;;;;;;
36.969414;28.02918;-5.704521;;;;;;;;;;;
40.50586;28.475075;-5.6657796;;;;;;;;;;;
44.045746;29.038687;-5.552197;;;;;;;;;;;
47.580376;29.601461;-5.438783;;;;;;;;;;;
51.32379;30.248678;-5.1603117;;;;;;;;;;;
55.06165;30.894934;-4.8822536;;;;;;;;;;;
57.91789;31.39436;-4.6145673;;;;;;;;;;;
60.769886;31.893044;-4.347278;;;;;;;;;;;
63.617645;32.390987;-4.080386;;;;;;;;;;;
66.08093;32.751297;-3.6664774;;;;;;;;;;;
68.54056;33.111073;-3.2531834;;;;;;;;;;;
69.665184;33.217285;-2.9283059;;;;;;;;;;;
70.78814;33.323338;-2.603911;;;;;;;;;;;
71.909424;33.429234;-2.2799978;;;;;;;;;;;
72.550766;33.55517;-2.1774752;;;;;;;;;;;
73.191154;33.68092;-2.075105;;;;;;;;;;;
72.4733;33.582203;-2.0324972;;;;;;;;;;;
71.75651;33.483635;-1.9899527;;;;;;;;;;;
71.028015;33.559;-1.8424166;;;;;;;;;;;
70.300606;33.634247;-1.6950997;;;;;;;;;;;
69.57428;33.709385;-1.5480016;;;;;;;;;;;
66.36811;33.27302;-1.339548;;;;;;;;;;;
63.166702;32.837307;-1.1314039;;;;;;;;;;;
58.548935;32.298027;-0.81164163;;;;;;;;;;;
53.938026;31.759548;-0.49235427;;;;;;;;;;;
50.037228;31.285828;-0.15642941;;;;;;;;;;;
46.142227;30.81281;0.17899649;;;;;;;;;;;
42.25301;30.340496;0.5139242;;;;;;;;;;;
39.263447;30.123316;0.7884634;;;;;;;;;;;
36.278324;29.906458;1.0625949;;;;;;;;;;;
31.672722;29.999615;1.6368963;;;;;;;;;;;
27.073961;30.092634;2.2103446;;;;;;;;;;;
23.239716;29.733177;2.6189773;;;;;;;;;;;
19.411165;29.374254;3.027003;;;;;;;;;;;
16.129845;28.926659;3.2031343;;;;;;;;;;;
12.853398;28.479727;3.3790038;;;;;;;;;;;
9.581819;28.03346;3.5546122;;;;;;;;;;;
6.6196017;27.399347;3.6930714;;;;;;;;;;;
3.6617846;26.766176;3.8313248;;;;;;;;;;;
0.7664285;26.078403;3.8638973;;;;;;;;;;;
-2.1246269;25.391651;3.8964217;;;;;;;;;;;
-5.168059;24.585436;3.946991;;;;;;;;;;;
-8.20697;23.780418;3.9974854;;;;;;;;;;;
-11.088625;23.19442;3.9926422;;;;;;;;;;;
-13.966;22.609291;3.9878063;;;;;;;;;;;
-16.8391;22.025032;3.9829776;;;;;;;;;;;
-19.240587;21.769287;3.8380365;;;;;;;;;;;
-21.638508;21.513924;3.6933107;;;;;;;;;;;
-23.663;21.258518;3.5169609;;;;;;;;;;;
-25.684486;21.003492;3.3408728;;;;;;;;;;;
-26.454237;20.936373;3.1440072;;;;;;;;;;;
-27.222843;20.86935;2.9474342;;;;;;;;;;;
-27.990309;20.80243;2.751153;;;;;;;;;;;
-29.9581;20.60769;2.542961;;;;;;;;;;;
-31.92297;20.413242;2.335078;;;;;;;;;;;
-32.227467;20.651785;3.2432716;;;;;;;;;;;
-32.531513;20.889973;4.1501164;;;;;;;;;;;
-33.231903;20.770002;4.110683;;;;;;;;;;;
-33.93125;20.65021;4.071308;;;;;;;;;;;
-33.955616;20.589926;3.5154145;;;;;;;;;;;
-33.979942;20.529732;2.9603465;;;;;;;;;;;
-34.00423;20.469627;2.406103;;;;;;;;;;;
-32.82211;20.717623;2.244148;;;;;;;;;;;
-31.641743;20.96525;2.0824335;;;;;;;;;;;
-29.804049;21.21279;2.066549;;;;;;;;;;;
-27.969084;21.45996;2.0506883;;;;;;;;;;;
-23.542597;22.441166;2.065568;;;;;;;;;;;
-19.122684;23.420916;2.0804257;;;;;;;;;;;
-15.569411;24.0919;2.1125133;;;;;;;;;;;
-12.021415;24.761887;2.144553;;;;;;;;;;;
-7.594209;25.529482;2.359865;;;;;;;;;;;
-3.1735797;26.295937;2.5748572;;;;;;;;;;;
1.2404839;27.061253;2.78953;;;;;;;;;;;
5.1023803;27.721079;2.7122836;;;;;;;;;;;
8.95854;28.379925;2.635152;;;;;;;;;;;
12.432095;28.768774;2.5491583;;;;;;;;;;;
15.90049;29.157045;2.4632924;;;;;;;;;;;
19.495157;29.785286;2.30532;;;;;;;;;;;
23.084484;30.412594;2.1475823;;;;;;;;;;;
26.668482;31.038969;1.9900789;;;;;;;;;;;
29.67714;31.36538;1.880638;;;;;;;;;;;
32.681328;31.691305;1.7713597;;;;;;;;;;;
35.78148;32.267956;1.7137191;;;;;;;;;;;
38.877026;32.843746;1.6561642;;;;;;;;;;;
41.70569;33.326252;1.4620816;;;;;;;;;;;
44.53015;33.80804;1.2682872;;;;;;;;;;;
47.232178;34.26232;1.1948432;;;;;;;;;;;
49.930195;34.71593;1.1215082;;;;;;;;;;;
52.79588;35.15119;1.20355;;;;;;;;;;;
55.657307;35.585808;1.2854698;;;;;;;;;;;
58.514484;36.019775;1.367268;;;;;;;;;;;
60.80414;36.152523;1.4994382;;;;;;;;;;;
63.09039;36.285072;1.6314121;;;;;;;;;;;
65.52276;36.493725;1.9076579;;;;;;;;;;;
67.95152;36.702072;2.1834934;;;;;;;;;;;
69.63232;36.817398;2.3577917;;;;;;;;;;;
71.31061;36.932552;2.531831;;;;;;;;;;;
71.96588;36.96829;2.6361833;;;;;;;;;;;
72.62018;37.00397;2.7403803;;;;;;;;;;;
72.58889;36.9842;2.831659;;;;;;;;;;;
72.557655;36.964455;2.9228024;;;;;;;;;;;
72.31847;36.938847;3.0485947;;;;;;;;;;;
72.07963;36.913277;3.1742;;;;;;;;;;;
71.84114;36.887745;3.299619;;;;;;;;;;;
71.09218;36.713577;3.419101;;;;;;;;;;;
70.34433;36.53967;3.5384054;;;;;;;;;;;
68.722374;36.316647;3.5266702;;;;;;;;;;;
67.10283;36.093956;3.5149524;;;;;;;;;;;
65.48569;35.871593;3.503252;;;;;;;;;;;
63.24076;35.474796;3.5500574;;;;;;;;;;;
60.99917;35.07859;3.5967934;;;;;;;;;;;
58.30478;34.532894;3.560426;;;;;;;;;;;
55.614395;33.98801;3.5241125;;;;;;;;;;;
52.67245;33.65208;3.5283883;;;;;;;;;;;
49.734875;33.316654;3.5326576;;;;;;;;;;;
46.801662;32.981724;3.5369205;;;;;;;;;;;
44.26427;32.65893;3.6400604;;;;;;;;;;;
41.73065;32.336617;3.7430472;;;;;;;;;;;
39.076244;32.163597;3.8057666;;;;;;;;;;;
36.42578;31.990835;3.868393;;;;;;;;;;;
32.95284;31.698267;3.9995131;;;;;;;;;;;
29.485058;31.406134;4.130439;;;;;;;;;;;
26.022425;31.114435;4.26117;;;;;;;;;;;
23.389666;30.824713;4.476845;;;;;;;;;;;
20.760815;30.53542;4.692199;;;;;;;;;;;
17.550564;30.176847;4.695582;;;;;;;;;;;
14.345082;29.818808;4.698959;;;;;;;;;;;
11.63443;29.560745;4.7229495;;;;;;;;;;;
8.927804;29.303064;4.7469044;;;;;;;;;;;
6.2251983;29.045767;4.7708235;;;;;;;;;;;
2.1952593;28.532597;4.3252573;;;;;;;;;;;
-1.828694;28.02019;3.8803527;;;;;;;;;;;
-6.091845;27.65357;3.5741248;;;;;;;;;;;
-10.348663;27.287497;3.2683518;;;;;;;;;;;
-13.546088;26.571598;3.100207;;;;;;;;;;;
-16.738764;25.856762;2.9323123;;;;;;;;;;;
-19.926697;25.142988;2.7646666;;;;;;;;;;;
-22.337765;24.518919;2.5728648;;;;;;;;;;;
-24.74525;23.895775;2.381348;;;;;;;;;;;
-26.810715;23.461645;2.1990921;;;;;;;;;;;
-28.873112;23.028162;2.017107;;;;;;;;;;;
-30.932444;22.595322;1.8353921;;;;;;;;;;;
-32.08586;22.16565;1.6909758;;;;;;;;;;;
-33.237568;21.736616;1.546774;;;;;;;;;;;
-33.838028;21.478775;1.4659033;;;;;;;;;;;
-34.437595;21.221317;1.3851527;;;;;;;;;;;
-35.03627;20.964241;1.304522;;;;;;;;;;;
-35.253952;20.744156;1.1502345;;;;;;;;;;;
-35.47131;20.524397;0.996176;;;;;;;;;;;
-35.688343;20.304964;0.84234643;;;;;;;;;;;
-36.764008;20.061451;0.7420441;;;;;;;;;;;
-37.838078;19.818302;0.6418907;;;;;;;;;;;
-38.017094;19.479155;1.2457105;;;;;;;;;;;
-38.195843;19.14051;1.8486334;;;;;;;;;;;
-37.73362;19.179108;1.6538441;;;;;;;;;;;
-37.272083;19.217648;1.4593441;;;;;;;;;;;
-36.28428;19.223589;1.3306344;;;;;;;;;;;
-35.29794;19.229523;1.2021158;;;;;;;;;;;
-30.906292;19.874891;1.1042246;;;;;;;;;;;
-26.521166;20.519302;1.0064787;;;;;;;;;;;
-22.142553;21.162758;0.908878;;;;;;;;;;;
-19.264212;22.052816;0.8891263;;;;;;;;;;;
-16.390146;22.941553;0.86940396;;;;;;;;;;;
-12.438526;23.58716;1.085067;;;;;;;;;;;
-8.492775;24.23181;1.3004099;;;;;;;;;;;
-4.3760166;24.98841;1.6101084;;;;;;;;;;;
-0.26537254;25.743887;1.9193468;;;;;;;;;;;
3.8391662;26.498241;2.228126;;;;;;;;;;;
8.442684;27.14081;2.7154183;;;;;;;;;;;
13.039366;27.782423;3.2019866;;;;;;;;;;;
16.78205;28.23177;3.068304;;;;;;;;;;;
20.519173;28.680449;2.9348202;;;;;;;;;;;
23.828003;29.038414;2.9380074;;;;;;;;;;;
27.131918;29.39585;2.94119;;;;;;;;;;;
30.430927;29.752752;2.944368;;;;;;;;;;;
33.079136;29.844173;2.8705382;;;;;;;;;;;
35.723415;29.93546;2.7968183;;;;;;;;;;;
39.16367;30.268839;2.8305068;;;;;;;;;;;
42.598812;30.601723;2.864145;;;;;;;;;;;
45.648888;30.78754;2.8138578;;;;;;;;;;;
48.69443;30.973083;2.7636454;;;;;;;;;;;
52.134212;31.196783;2.8833623;;;;;;;;;;;
55.568882;31.420149;3.0029016;;;;;;;;;;;
58.584824;31.395344;3.0372658;;;;;;;;;;;
61.59629;31.370575;3.0715787;;;;;;;;;;;
64.96024;31.305168;3.2183294;;;;;;;;;;;
68.3192;31.239859;3.364862;;;;;;;;;;;
71.673164;31.174646;3.511177;;;;;;;;;;;
74.46588;30.730549;3.7943087;;;;;;;;;;;
77.25445;30.28711;4.0770197;;;;;;;;;;;
79.26772;29.803373;4.624542;;;;;;;;;;;
81.278015;29.320356;5.171252;;;;;;;;;;;
82.48359;29.13681;5.6133566;;;;;;;;;;;
83.68737;28.953537;6.054805;;;;;;;;;;;
84.889366;28.770536;6.4955974;;;;;;;;;;;
84.98854;28.667336;6.9417663;;;;;;;;;;;
85.08756;28.564287;7.387273;;;;;;;;;;;
84.02957;28.692678;7.365894;;;;;;;;;;;
82.97315;28.82088;7.3445463;;;;;;;;;;;
80.563675;29.06601;7.3650284;;;;;;;;;;;
78.157776;29.310774;7.3854795;;;;;;;;;;;
75.755455;29.555176;7.4059005;;;;;;;;;;;
71.55744;29.756996;7.0632987;;;;;;;;;;;
67.36567;29.958517;6.7212057;;;;;;;;;;;
62.6829;30.427494;6.356758;;;;;;;;;;;
58.00708;30.895775;5.9928517;;;;;;;;;;;
54.906876;31.108507;5.762312;;;;;;;;;;;
51.811275;31.320925;5.5321145;;;;;;;;;;;
48.720272;31.533026;5.302259;;;;;;;;;;;
45.117847;31.7068;5.0662932;;;;;;;;;;;
41.520767;31.880318;4.830678;;;;;;;;;;;
38.311523;31.749775;4.6526384;;;;;;;;;;;
35.107044;31.619427;4.474864;;;;;;;;;;;
31.895264;31.52125;4.590917;;;;;;;;;;;
28.688253;31.423218;4.706798;;;;;;;;;;;
25.486006;31.325333;4.822507;;;;;;;;;;;
23.291794;31.040346;5.241707;;;;;;;;;;;
21.991772;30.929565;5.621712;;;;;;;;;;;
20.69368;30.818949;6.0011535;;;;;;;;;;;
19.397516;30.708496;6.380031;;;;;;;;;;;
16.05352;30.757263;6.2917013;;;;;;;;;;;
12.71449;30.805956;6.203502;;;;;;;;;;;
10.07064;30.739704;6.250084;;;;;;;;;;;
7.4307156;30.67355;6.2965965;;;;;;;;;;;
3.7330852;30.787727;6.181461;;;;;;;;;;;
0.04094693;30.901737;6.066496;;;;;;;;;;;
-3.6457076;31.015577;5.9517016;;;;;;;;;;;
-6.974974;31.116627;5.840444;;;;;;;;;;;
-10.299295;31.217524;5.7293515;;;;;;;;;;;
-12.750751;31.059072;5.629084;;;;;;;;;;;
-15.1985655;30.900856;5.5289655;;;;;;;;;;;
-17.253384;30.787197;5.462097;;;;;;;;;;;
-19.30515;30.673706;5.395328;;;;;;;;;;;
-21.740562;30.620415;5.2219205;;;;;;;;;;;
-24.17236;30.567202;5.04877;;;;;;;;;;;
-25.857449;30.467083;5.003093;;;;;;;;;;;
-27.540033;30.367111;4.9574833;;;;;;;;;;;
-29.22012;30.267288;4.9119415;;;;;;;;;;;
-31.619907;30.19763;4.7229815;;;;;;;;;;;
-34.016132;30.128075;4.534302;;;;;;;;;;;
-34.87183;30.179668;4.5346932;;;;;;;;;;;
-35.726254;30.231184;4.5350833;;;;;;;;;;;
-36.107716;30.388098;4.574185;;;;;;;;;;;
-36.488613;30.544779;4.613228;;;;;;;;;;;
-37.30501;30.597435;4.5704417;;;;;;;;;;;
-38.120197;30.650013;4.527719;;;;;;;;;;;
-38.300335;30.402636;4.397678;;;;;;;;;;;
-38.48021;30.155628;4.26783;;;;;;;;;;;
-37.622314;30.360624;4.089785;;;;;;;;;;;
-36.76569;30.565315;3.9120047;;;;;;;;;;;
-35.607376;30.465199;3.6179323;;;;;;;;;;;
-34.450787;30.36523;3.3242967;;;;;;;;;;;
-33.295914;30.265411;3.0310974;;;;;;;;;;;
-30.373657;30.12226;2.864848;;;;;;;;;;;
-27.45574;29.979319;2.6988454;;;;;;;;;;;
-22.805738;30.359621;2.2466786;;;;;;;;;;;
-18.162645;30.739357;1.7951834;;;;;;;;;;;
-13.526447;30.953024;1.2715639;;;;;;;;;;;
-8.897137;31.166374;0.7487222;;;;;;;;;;;
-4.274701;31.681948;0.2387194;;;;;;;;;;;
0.34086868;32.196754;-0.27052593;;;;;;;;;;;
4.9495826;32.710796;-0.7790149;;;;;;;;;;;
9.402917;33.03795;-0.9431117;;;;;;;;;;;
13.849636;33.364616;-1.1069648;;;;;;;;;;;
18.0363;33.50944;-0.9997326;;;;;;;;;;;
22.216747;33.654053;-0.89265966;;;;;;;;;;;
25.54648;33.572773;-0.9354031;;;;;;;;;;;
28.871267;33.49161;-0.9780831;;;;;;;;;;;
32.86086;33.525024;-0.84256953;;;;;;;;;;;
36.84452;33.558384;-0.7072573;;;;;;;;;;;
40.82227;33.591694;-0.57214594;;;;;;;;;;;
44.278934;33.656094;-0.5556147;;;;;;;;;;;
47.730465;33.720398;-0.53910804;;;;;;;;;;;
51.46482;33.911545;-0.6655507;;;;;;;;;;;
55.19363;34.102406;-0.7918056;;;;;;;;;;;
58.729233;34.333237;-0.8948704;;;;;;;;;;;
62.259586;34.563725;-0.99778205;;;;;;;;;;;
65.78469;34.79387;-1.1005409;;;;;;;;;;;
69.23948;35.08721;-1.1743938;;;;;;;;;;;
72.68914;35.38012;-1.248137;;;;;;;;;;;
74.80457;35.437798;-1.3628669;;;;;;;;;;;
76.91687;35.495388;-1.4774264;;;;;;;;;;;
79.026024;35.552895;-1.5918157;;;;;;;;;;;
80.050644;35.32811;-1.5485232;;;;;;;;;;;
81.073746;35.10366;-1.5052949;;;;;;;;;;;
81.1006;34.943226;-1.4639543;;;;;;;;;;;
81.12741;34.783028;-1.422675;;;;;;;;;;;
80.60844;34.553074;-1.3702363;;;;;;;;;;;
80.09023;34.323463;-1.3178755;;;;;;;;;;;
78.96505;34.15647;-1.306408;;;;;;;;;;;
77.84154;33.989727;-1.2949576;;;;;;;;;;;
77.23445;33.820988;-1.1816956;;;;;;;;;;;
76.628265;33.652496;-1.0686017;;;;;;;;;;;
76.07137;33.462093;-0.95371217;;;;;;;;;;;
75.515305;33.271973;-0.8389933;;;;;;;;;;;
73.96407;33.236423;-0.82879823;;;;;;;;;;;
72.415146;33.200928;-0.81861824;;;;;;;;;;;
70.86852;33.165485;-0.8084534;;;;;;;;;;;
66.46022;33.4029;-0.7267711;;;;;;;;;;;
62.05847;33.63996;-0.64521015;;;;;;;;;;;
57.383583;33.939507;-0.69729775;;;;;;;;;;;
52.715637;34.238605;-0.749308;;;;;;;;;;;
48.391388;34.281986;-0.87193197;;;;;;;;;;;
44.073563;34.325306;-0.9943739;;;;;;;;;;;
39.42539;34.452152;-1.0026026;;;;;;;;;;;
34.78412;34.578815;-1.0108191;;;;;;;;;;;
30.327728;34.49153;-0.9634804;;;;;;;;;;;
25.877956;34.404377;-0.916212;;;;;;;;;;;
21.434795;34.317352;-0.8690139;;;;;;;;;;;
16.954472;34.115444;-0.8071586;;;;;;;;;;;
12.4808035;33.913834;-0.7453951;;;;;;;;;;;
7.8795514;33.404373;-0.7483832;;;;;;;;;;;
3.2851336;32.895668;-0.75136685;;;;;;;;;;;
-0.684615;32.600494;-0.8354163;;;;;;;;;;;
-4.6484675;32.30576;-0.91934097;;;;;;;;;;;
-8.606433;32.011463;-1.0031409;;;;;;;;;;;
-12.431303;31.61858;-1.1676062;;;;;;;;;;;
-16.250492;31.22628;-1.3318272;;;;;;;;;;;
-19.905235;30.911705;-1.5465783;;;;;;;;;;;
-23.55455;30.597599;-1.7610104;;;;;;;;;;;
-26.01479;30.189564;-1.8438408;;;;;;;;;;;
-28.471376;29.782133;-1.9265481;;;;;;;;;;;
-30.924314;29.375309;-2.0091326;;;;;;;;;;;
-32.8524;28.984797;-2.1692984;;;;;;;;;;;
-34.777626;28.594866;-2.3292263;;;;;;;;;;;
-36.449207;28.237492;-2.4133165;;;;;;;;;;;
-38.118305;27.88065;-2.497282;;;;;;;;;;;
-38.92457;27.75268;-2.8083436;;;;;;;;;;;
-39.729637;27.6249;-3.1189435;;;;;;;;;;;
-40.309093;27.337135;-2.7593405;;;;;;;;;;;
-40.887688;27.049797;-2.400272;;;;;;;;;;;
-41.465424;26.762884;-2.0417366;;;;;;;;;;;
-42.347504;26.384949;-1.8074431;;;;;;;;;;;
-43.228275;26.007576;-1.5734977;;;;;;;;;;;
-43.34543;25.860088;-1.1418526;;;;;;;;;;;
-43.462406;25.712818;-0.7108487;;;;;;;;;;;
-44.170963;25.050312;0.34633672;;;;;;;;;;;
-44.87847;24.38879;1.401952;;;;;;;;;;;
-45.58493;23.728252;2.4559994;;;;;;;;;;;
-45.13277;23.13714;2.1032166;;;;;;;;;;;
-44.681286;22.546907;1.7509581;;;;;;;;;;;
-44.19961;22.795044;1.730096;;;;;;;;;;;
-43.718655;23.04281;1.7092648;;;;;;;;;;;
-43.114704;23.086132;1.7083814;;;;;;;;;;;
-42.51165;23.129389;1.7074994;;;;;;;;;;;
-37.928772;24.149212;1.75585;;;;;;;;;;;
-33.3527;25.16752;1.8041286;;;;;;;;;;;
-28.783426;26.184315;1.8523357;;;;;;;;;;;
-24.131454;27.509295;1.488107;;;;;;;;;;;
-19.486393;28.832306;1.1244191;;;;;;;;;;;
-14.84823;29.273642;1.0789602;;;;;;;;;;;
-10.216956;29.714321;1.0335687;;;;;;;;;;;
-5.5925603;29.892622;1.0240111;;;;;;;;;;;
-0.975033;30.070658;1.0144676;;;;;;;;;;;
3.6356359;30.05992;1.1290683;;;;;;;;;;;
8.239457;30.049196;1.2434988;;;;;;;;;;;
12.83644;29.810846;1.5229856;;;;;;;;;;;
17.426596;29.572851;1.8020571;;;;;;;;;;;
22.009933;29.33521;2.0807142;;;;;;;;;;;
26.586462;28.814457;2.5131032;;;;;;;;;;;
31.156195;28.294477;2.94485;;;;;;;;;;;
35.329216;28.056211;3.505275;;;;;;;;;;;
39.49604;27.818298;4.0648675;;;;;;;;;;;
44.02584;27.804594;4.658273;;;;;;;;;;;
48.548912;27.79091;5.2507973;;;;;;;;;;;
52.027203;27.859299;5.7052674;;;;;;;;;;;
55.500328;27.927586;6.1590624;;;;;;;;;;;
58.67038;28.169554;6.762262;;;;;;;;;;;
61.835724;28.411161;7.3645654;;;;;;;;;;;
64.99636;28.65241;7.9659743;;;;;;;;;;;
66.266235;28.371956;8.488786;;;;;;;;;;;
67.53422;28.091917;9.010821;;;;;;;;;;;
67.94839;27.738657;9.20261;;;;;;;;;;;
68.36194;27.385923;9.394114;;;;;;;;;;;
67.930786;27.23723;9.503702;;;;;;;;;;;
67.50028;27.088758;9.613128;;;;;;;;;;;
67.07041;26.940506;9.722391;;;;;;;;;;;
65.402824;26.935118;9.625449;;;;;;;;;;;
63.737713;26.929737;9.528652;;;;;;;;;;;
61.61895;26.955362;9.396513;;;;;;;;;;;
59.503334;26.98095;9.26457;;;;;;;;;;;
57.73983;26.903688;9.280797;;;;;;;;;;;
55.978943;26.826542;9.297001;;;;;;;;;;;
54.220673;26.74951;9.31318;;;;;;;;;;;
50.593388;27.154526;9.239989;;;;;;;;;;;
46.971485;27.55894;9.166907;;;;;;;;;;;
43.35496;27.962755;9.093934;;;;;;;;;;;
38.715706;28.416744;8.964965;;;;;;;;;;;
34.08334;28.870058;8.836187;;;;;;;;;;;
29.45;29.449072;8.743508;;;;;;;;;;;
24.823544;30.027227;8.650967;;;;;;;;;;;
20.20396;30.58699;8.947924;;;;;;;;;;;
15.591237;31.145924;9.24444;;;;;;;;;;;
10.985365;31.704025;9.540516;;;;;;;;;;;
6.386334;31.628023;9.854667;;;;;;;;;;;
1.7941337;31.552135;10.16835;;;;;;;;;;;
-2.7912457;31.858429;9.908046;;;;;;;;;;;
-7.369814;32.164265;9.648128;;;;;;;;;;;
-11.941583;32.84835;9.426325;;;;;;;;;;;
-16.506561;33.53142;9.204852;;;;;;;;;;;
-21.064758;34.213478;8.983707;;;;;;;;;;;
-24.498175;34.147778;8.757562;;;;;;;;;;;
-27.92649;34.082176;8.531752;;;;;;;;;;;
-31.41788;33.950745;8.082282;;;;;;;;;;;
-34.904083;33.81951;7.6334805;;;;;;;;;;;
-37.281826;33.66491;7.1293817;;;;;;;;;;;
-39.656033;33.510536;6.626032;;;;;;;;;;;
-40.30825;33.57576;7.259114;;;;;;;;;;;
-40.9595;33.640884;7.891256;;;;;;;;;;;
-41.78202;33.685715;7.6839848;;;;;;;;;;;
-42.60332;33.73048;7.4770217;;;;;;;;;;;
-43.4234;33.775177;7.270366;;;;;;;;;;;
-43.78165;33.44293;6.820807;;;;;;;;;;;
-44.139366;33.111176;6.3719153;;;;;;;;;;;
-44.097935;33.21753;6.643645;;;;;;;;;;;
-44.05656;33.323723;6.914971;;;;;;;;;;;
-43.84245;33.26692;7.13007;;;;;;;;;;;
-43.628654;33.210197;7.3448496;;;;;;;;;;;
-43.27576;33.205177;7.3727646;;;;;;;;;;;
-42.923393;33.200165;7.400638;;;;;;;;;;;
-42.79947;32.99571;7.4230003;;;;;;;;;;;
-42.675728;32.791557;7.445329;;;;;;;;;;;
-40.156113;32.793888;7.950119;;;;;;;;;;;
-37.64024;32.796215;8.454159;;;;;;;;;;;
-33.417774;32.51339;8.547891;;;;;;;;;;;
-29.201578;32.230988;8.641483;;;;;;;;;;;
-24.548985;31.917446;8.267872;;;;;;;;;;;
-19.903301;31.60437;7.8948154;;;;;;;;;;;
-15.264519;31.477743;7.1263595;;;;;;;;;;;
-10.632626;31.351305;6.3590446;;;;;;;;;;;
-6.007612;31.225054;5.5928693;;;;;;;;;;;
-1.3894687;31.333504;4.83751;;;;;;;;;;;
3.2218158;31.441793;4.083273;;;;;;;;;;;
7.45891;31.466047;3.409543;;;;;;;;;;;
11.689711;31.490265;2.7368138;;;;;;;;;;;
16.085485;31.313736;2.712664;;;;;;;;;;;
20.474731;31.137468;2.68855;;;;;;;;;;;
24.857458;30.961462;2.6644719;;;;;;;;;;;
29.278978;30.911531;2.7851777;;;;;;;;;;;
33.69393;30.861673;2.9057045;;;;;;;;;;;
37.588974;30.651432;2.9500313;;;;;;;;;;;
41.478233;30.441504;2.994292;;;;;;;;;;;
45.79021;30.16386;3.4034433;;;;;;;;;;;
50.095783;29.88663;3.811987;;;;;;;;;;;
54.394962;29.60981;4.219924;;;;;;;;;;;
57.88715;29.584047;4.541416;;;;;;;;;;;
61.37415;29.558321;4.8624306;;;;;;;;;;;
64.54459;29.373579;5.301488;;;;;;;;;;;
67.71033;29.189112;5.739893;;;;;;;;;;;
70.78285;28.877422;6.513149;;;;;;;;;;;
73.85082;28.566196;7.285256;;;;;;;;;;;
76.91423;28.255432;8.056216;;;;;;;;;;;
79.76045;27.889727;8.462478;;;;;;;;;;;
82.60245;27.524565;8.868135;;;;;;;;;;;
84.508896;27.191362;8.859705;;;;;;;;;;;
86.41252;26.858656;8.851287;;;;;;;;;;;
88.31331;26.526443;8.842881;;;;;;;;;;;
90.07971;25.829348;8.579355;;;;;;;;;;;
91.8435;25.133287;8.31622;;;;;;;;;;;
93.81799;24.64823;7.527502;;;;;;;;;;;
95.78956;24.163893;6.7399554;;;;;;;;;;;
97.758194;23.680275;5.953578;;;;;;;;;;;
99.11489;23.331184;4.981683;;;;;;;;;;;
100.469574;22.982613;4.011231;;;;;;;;;;;
103.4006;23.016346;2.85848;;;;;;;;;;;
106.32726;23.050028;1.7074413;;;;;;;;;;;
107.46211;23.254498;1.3559109;;;;;;;;;;;
108.595276;23.458664;1.0049026;;;;;;;;;;;
108.72951;23.339508;0.8246912;;;;;;;;;;;
108.86354;23.22053;0.64474744;;;;;;;;;;;
108.99737;23.101727;0.46507093;;;;;;;;;;;
108.232216;22.857006;0.50600964;;;;;;;;;;;
107.4682;22.612648;0.5468876;;;;;;;;;;;
106.36519;22.572311;0.6477361;;;;;;;;;;;
105.26382;22.532036;0.7484348;;;;;;;;;;;
104.16408;22.49182;0.8489839;;;;;;;;;;;
100.68072;22.305653;1.0161474;;;;;;;;;;;
97.20252;22.11976;1.1830627;;;;;;;;;;;
92.47543;22.61651;2.4093938;;;;;;;;;;;
87.75536;23.112522;3.6339035;;;;;;;;;;;
83.042305;23.607798;4.8565946;;;;;;;;;;;
78.33625;24.060118;5.1248236;;;;;;;;;;;
73.637184;24.511766;5.3926544;;;;;;;;;;;
68.9451;25.091503;5.6184306;;;;;;;;;;;
64.25998;25.67038;5.843871;;;;;;;;;;;
59.581818;26.322313;6.279086;;;;;;;;;;;
54.910606;26.973278;6.713655;;;;;;;;;;;
50.246334;27.843765;6.7993126;;;;;;;;;;;
45.58899;28.71296;6.884843;;;;;;;;;;;
40.93856;29.580862;6.9702463;;;;;;;;;;;
36.29504;30.38534;7.629607;;;;;;;;;;;
31.658417;31.188623;8.287989;;;;;;;;;;;
27.028679;30.194265;8.702743;;;;;;;;;;;
22.405819;29.201384;9.11688;;;;;;;;;;;
17.789825;28.209978;9.530403;;;;;;;;;;;
13.180688;28.414917;9.685373;;;;;;;;;;;
8.578397;28.619553;9.840114;;;;;;;;;;;
3.9829412;27.902376;10.058442;;;;;;;;;;;
-0.60568905;27.186266;10.276446;;;;;;;;;;;
-4.771633;26.786243;10.533961;;;;;;;;;;;
-8.931389;26.386814;10.791093;;;;;;;;;;;
-13.084966;25.987978;11.047843;;;;;;;;;;;
-14.788344;25.707973;11.176154;;;;;;;;;;;
-16.489193;25.428385;11.304275;;;;;;;;;;;
-18.066051;25.27755;10.688266;;;;;;;;;;;
-19.640568;25.126938;10.073173;;;;;;;;;;;
-20.984543;24.98286;9.846391;;;;;;;;;;;
-22.32652;24.838997;9.619946;;;;;;;;;;;
-23.666506;24.695349;9.393837;;;;;;;;;;;
-25.665686;24.875774;8.5381565;;;;;;;;;;;
-27.661896;25.055931;7.6837473;;;;;;;;;;;
-27.958418;25.051517;7.0969605;;;;;;;;;;;
-28.254498;25.047112;6.5110455;;;;;;;;;;;
-28.46991;25.049164;5.77999;;;;;;;;;;;
-28.685001;25.051214;5.0500207;;;;;;;;;;;
-28.900196;24.863209;4.537977;;;;;;;;;;;
-29.11507;24.675484;4.0266943;;;;;;;;;;;
-29.080244;24.621845;3.6062176;;;;;;;;;;;
-29.04547;24.568285;3.1863656;;;;;;;;;;;
-29.010744;24.514805;2.7671373;;;;;;;;;;;
-29.672884;24.571789;2.6548593;;;;;;;;;;;
-30.33404;24.628689;2.542748;;;;;;;;;;;
-29.48684;24.6949;2.7016451;;;;;;;;;;;
-28.640898;24.761013;2.8603063;;;;;;;;;;;
-28.14588;25.129568;3.1438434;;;;;;;;;;;
-27.651598;25.497578;3.4269598;;;;;;;;;;;
-27.28232;25.640062;3.6563566;;;;;;;;;;;
-26.913591;25.782337;3.8854127;;;;;;;;;;;
-26.694927;25.903221;3.959001;;;;;;;;;;;
-26.476587;26.023926;4.0324802;;;;;;;;;;;
-26.225191;25.87487;4.475155;;;;;;;;;;;
-25.974169;25.726036;4.917172;;;;;;;;;;;
-25.723516;25.577423;5.3585324;;;;;;;;;;;
-25.597229;25.513609;5.3302083;;;;;;;;;;;
-25.471128;25.449888;5.301926;;;;;;;;;;;
-25.151096;25.56355;5.3324547;;;;;;;;;;;
-24.83154;25.677044;5.362938;;;;;;;;;;;
-24.101774;25.771996;5.0532455;;;;;;;;;;;
-23.373095;25.866806;4.7440133;;;;;;;;;;;
-21.60575;26.464306;4.3195257;;;;;;;;;;;
-19.841028;27.060919;3.8956687;;;;;;;;;;;
-18.078928;27.656647;3.4724412;;;;;;;;;;;
-15.708193;28.05204;3.0041177;;;;;;;;;;;
-13.34098;28.446846;2.5364897;;;;;;;;;;;
-8.711944;29.1286;2.091577;;;;;;;;;;;
-4.089783;29.809338;1.6473253;;;;;;;;;;;
0.52551174;30.40463;1.1278527;;;;;;;;;;;
5.1339517;30.999039;0.60915166;;;;;;;;;;;
9.735547;31.437157;0.77512854;;;;;;;;;;;
14.330308;31.874624;0.94085884;;;;;;;;;;;
18.918245;32.31144;1.106343;;;;;;;;;;;
23.499367;32.591076;1.1487137;;;;;;;;;;;
28.073683;32.870296;1.1910214;;;;;;;;;;;
32.64121;33.149105;1.2332664;;;;;;;;;;;
37.201946;33.338856;2.0690393;;;;;;;;;;;
41.75591;33.528324;2.903571;;;;;;;;;;;
46.303112;33.165867;3.3895793;;;;;;;;;;;
50.84356;32.80395;3.8748658;;;;;;;;;;;
55.377262;32.460804;3.7208278;;;;;;;;;;;
59.904232;32.118168;3.5670187;;;;;;;;;;;
64.42448;31.776041;3.4134383;;;;;;;;;;;
68.27682;31.646214;3.1303456;;;;;;;;;;;
72.123436;31.516579;2.8476732;;;;;;;;;;;
76.216675;31.424305;2.6202624;;;;;;;;;;;
80.30383;31.332169;2.3931892;;;;;;;;;;;
84.38492;31.24017;2.1664534;;;;;;;;;;;
86.627594;31.117168;2.0152338;;;;;;;;;;;
88.866936;30.994352;1.8642386;;;;;;;;;;;
88.99918;30.990658;1.7995874;;;;;;;;;;;
89.13124;30.986969;1.7350322;;;;;;;;;;;
88.03597;30.950605;1.7304637;;;;;;;;;;;
86.94233;30.914295;1.7259021;;;;;;;;;;;
85.85031;30.878038;1.7213472;;;;;;;;;;;
84.51347;30.90958;1.7110485;;;;;;;;;;;
83.17863;30.941076;1.7007651;;;;;;;;;;;
80.825226;30.989637;1.6756295;;;;;;;;;;;
78.47533;31.038128;1.6505312;;;;;;;;;;;
75.14022;31.128483;1.5540779;;;;;;;;;;;
71.810074;31.218704;1.4577677;;;;;;;;;;;
68.48487;31.308792;1.3616006;;;;;;;;;;;
63.800434;31.338013;1.01928;;;;;;;;;;;
59.12296;31.36719;0.6774677;;;;;;;;;;;
54.45243;30.86039;0.5699765;;;;;;;;;;;
49.788837;30.354342;0.46264493;;;;;;;;;;;
45.13217;29.849047;0.35547277;;;;;;;;;;;
40.48242;29.238886;1.0050219;;;;;;;;;;;
35.83958;28.629631;1.6536064;;;;;;;;;;;
31.203634;28.73871;2.072884;;;;;;;;;;;
26.574574;28.84763;2.4915392;;;;;;;;;;;
21.952389;28.580069;2.8721232;;;;;;;;;;;
17.337069;28.312904;3.2521417;;;;;;;;;;;
12.728603;28.046137;3.6315958;;;;;;;;;;;
8.126984;27.886784;3.9089382;;;;;;;;;;;
3.5321982;27.727667;4.1858683;;;;;;;;;;;
-0.36007345;27.57566;4.3040338;;;;;;;;;;;
-4.246564;27.42388;4.422024;;;;;;;;;;;
-6.4647803;27.523388;4.4934125;;;;;;;;;;;
-8.679703;27.62275;4.5646954;;;;;;;;;;;
-9.673457;27.661932;4.513285;;;;;;;;;;;
-10.665736;27.701057;4.4619513;;;;;;;;;;;
-11.874645;27.658354;4.3386;;;;;;;;;;;
-13.081759;27.615713;4.215432;;;;;;;;;;;
-13.77401;27.642143;4.1576676;;;;;;;;;;;
-14.465232;27.668535;4.0999894;;;;;;;;;;;
-15.255152;27.545229;4.118698;;;;;;;;;;;
-16.043898;27.422108;4.137379;;;;;;;;;;;
-17.111292;27.44111;4.125596;;;;;;;;;;;
-18.177101;27.460087;4.1138306;;;;;;;;;;;
-18.438759;27.425735;4.239116;;;;;;;;;;;
-18.700027;27.391436;4.364216;;;;;;;;;;;
-19.892235;27.3656;4.382111;;;;;;;;;;;
-21.082672;27.339806;4.3999796;;;;;;;;;;;
-21.11616;27.332003;4.3857026;;;;;;;;;;;
-21.149597;27.32421;4.3714466;;;;;;;;;;;
-20.829811;27.513353;4.446697;;;;;;;;;;;
-20.5105;27.702217;4.5218363;;;;;;;;;;;
-20.54077;27.658249;4.5021887;;;;;;;;;;;
-20.570993;27.614346;4.4825697;;;;;;;;;;;
-20.601173;27.570507;4.4629803;;;;;;;;;;;
-19.14301;27.66461;4.1487336;;;;;;;;;;;
-17.687014;27.758572;3.8349538;;;;;;;;;;;
-15.129193;27.663324;3.366232;;;;;;;;;;;
-12.575172;27.56822;2.8982065;;;;;;;;;;;
-10.086518;27.753916;2.3798213;;;;;;;;;;;
-7.601561;27.939337;1.8622062;;;;;;;;;;;
-5.1202946;28.124481;1.3453599;;;;;;;;;;;
-3.1846778;28.533205;0.4601172;;;;;;;;;;;
-1.251936;28.941322;-0.42381078;;;;;;;;;;;
2.4119687;29.319519;-1.1451268;;;;;;;;;;;
6.070431;29.697155;-1.8653715;;;;;;;;;;;
9.723459;30.07423;-2.5845463;;;;;;;;;;;
13.087878;30.530973;-3.1674426;;;;;;;;;;;
16.4473;30.987038;-3.7494729;;;;;;;;;;;
20.446507;31.410727;-3.900742;;;;;;;;;;;
24.439774;31.833786;-4.051787;;;;;;;;;;;
28.427107;32.256218;-4.202607;;;;;;;;;;;
31.570467;32.55249;-4.3474526;;;;;;;;;;;
34.709156;32.84832;-4.492083;;;;;;;;;;;
38.199726;33.107666;-4.51868;;;;;;;;;;;
41.685112;33.366623;-4.545238;;;;;;;;;;;
45.165318;33.625195;-4.5717564;;;;;;;;;;;
48.42632;33.94426;-4.6561627;;;;;;;;;;;
51.68248;34.262848;-4.7404437;;;;;;;;;;;
54.56562;34.625286;-4.7627444;;;;;;;;;;;
57.444477;34.987186;-4.7850122;;;;;;;;;;;
60.319057;35.34855;-4.807247;;;;;;;;;;;
62.594524;35.69605;-4.689049;;;;;;;;;;;
64.866615;36.043034;-4.5710263;;;;;;;;;;;
66.649895;36.41587;-4.577729;;;;;;;;;;;
68.43052;36.788155;-4.5844226;;;;;;;;;;;
70.61946;36.961136;-4.6277137;;;;;;;;;;;
72.80515;37.13386;-4.6709404;;;;;;;;;;;
76.63299;37.45627;-4.461495;;;;;;;;;;;
80.45514;37.7782;-4.252361;;;;;;;;;;;
84.271614;38.09965;-4.043537;;;;;;;;;;;
87.776794;38.632557;-3.8814497;;;;;;;;;;;
91.276764;39.164673;-3.7196028;;;;;;;;;;;
93.311714;39.732605;-3.4697728;;;;;;;;;;;
95.343636;40.299694;-3.2203143;;;;;;;;;;;
96.876724;40.877163;-3.0072727;;;;;;;;;;;
98.40753;41.45377;-2.7945478;;;;;;;;;;;
98.72549;41.675648;-2.79323;;;;;;;;;;;
99.04297;41.897194;-2.7919142;;;;;;;;;;;
99.35998;42.118412;-2.7906003;;;;;;;;;;;
99.95872;42.233543;-2.5805817;;;;;;;;;;;
100.55657;42.348507;-2.370875;;;;;;;;;;;
100.852684;42.260624;-2.3007576;;;;;;;;;;;
101.14835;42.17287;-2.2307446;;;;;;;;;;;
100.74649;42.17263;-2.3389657;;;;;;;;;;;
100.34523;42.17239;-2.4470258;;;;;;;;;;;
98.984474;42.11857;-2.6010711;;;;;;;;;;;
97.62575;42.064827;-2.7548876;;;;;;;;;;;
96.23958;41.89335;-2.7875717;;;;;;;;;;;
94.85547;41.722126;-2.820207;;;;;;;;;;;
93.47342;41.551155;-2.8527942;;;;;;;;;;;
91.68414;41.291798;-2.8972547;;;;;;;;;;;
89.89753;41.03282;-2.9416494;;;;;;;;;;;
86.49258;40.84436;-3.401428;;;;;;;;;;;
83.09268;40.65618;-3.8605237;;;;;;;;;;;
80.25845;40.358036;-3.9196174;;;;;;;;;;;
77.428444;40.060333;-3.9786234;;;;;;;;;;;
74.34077;39.93405;-4.078077;;;;;;;;;;;
71.257675;39.807957;-4.1773825;;;;;;;;;;;
68.17917;39.68205;-4.2765408;;;;;;;;;;;
65.99265;39.457024;-4.1566057;;;;;;;;;;;
63.809387;39.232334;-4.036849;;;;;;;;;;;
61.951824;39.048653;-3.846439;;;;;;;;;;;
60.09702;38.865246;-3.6563118;;;;;;;;;;;
58.24497;38.68211;-3.466467;;;;;;;;;;;
55.1928;38.590416;-3.7788944;;;;;;;;;;;
52.145164;38.49886;-4.090858;;;;;;;;;;;
49.23376;38.314304;-4.3412046;;;;;;;;;;;
46.32668;38.130024;-4.5911794;;;;;;;;;;;
42.306744;37.897205;-5.051734;;;;;;;;;;;
38.29278;37.66473;-5.5116043;;;;;;;;;;;
34.28478;37.432602;-5.970792;;;;;;;;;;;
31.981699;37.238968;-6.039094;;;;;;;;;;;
29.682041;37.045624;-6.107295;;;;;;;;;;;
27.39141;36.825214;-6.214808;;;;;;;;;;;
25.104181;36.605133;-6.3221607;;;;;;;;;;;
22.82035;36.38538;-6.4293537;;;;;;;;;;;
20.998981;36.237064;-6.563598;;;;;;;;;;;
19.180317;36.08897;-6.6976433;;;;;;;;;;;
17.314842;35.960873;-6.8375206;;;;;;;;;;;
15.452139;35.832966;-6.97719;;;;;;;;;;;
13.781834;35.652653;-7.069104;;;;;;;;;;;
12.114009;35.472603;-7.1608815;;;;;;;;;;;
10.448662;35.29282;-7.2525225;;;;;;;;;;;
8.46305;35.2164;-7.3898926;;;;;;;;;;;
6.480387;35.14009;-7.5270586;;;;;;;;;;;
3.7717383;34.900913;-7.732888;;;;;;;;;;;
1.0671127;34.662094;-7.938412;;;;;;;;;;;
-0.24955098;34.463463;-7.837865;;;;;;;;;;;
-1.5642589;34.265125;-7.7374663;;;;;;;;;;;
-2.8770142;34.06708;-7.637217;;;;;;;;;;;
-5.0641637;33.96457;-7.7926702;;;;;;;;;;;
-7.248065;33.862206;-7.947892;;;;;;;;;;;
-8.24591;33.73391;-7.9240522;;;;;;;;;;;
-9.242272;33.605804;-7.900248;;;;;;;;;;;
-10.562839;33.589394;-7.97396;;;;;;;;;;;
-11.881444;33.57301;-8.047563;;;;;;;;;;;
-12.804942;33.441494;-7.978271;;;;;;;;;;;
-13.727069;33.310177;-7.909082;;;;;;;;;;;
-13.912724;33.10738;-7.7237206;;;;;;;;;;;
-14.098103;32.904884;-7.5386343;;;;;;;;;;;
-14.556713;32.75725;-7.436296;;;;;;;;;;;
-15.014643;32.60984;-7.33411;;;;;;;;;;;
-15.471891;32.462646;-7.232075;;;;;;;;;;;
-15.62059;32.391407;-7.1415534;;;;;;;;;;;
-15.769069;32.32028;-7.051166;;;;;;;;;;;
-16.982038;32.212788;-7.166674;;;;;;;;;;;
-18.193207;32.105453;-7.2820106;;;;;;;;;;;
-18.12593;32.018898;-7.193939;;;;;;;;;;;
-18.058756;31.932472;-7.1059985;;;;;;;;;;;
-18.146807;31.821207;-7.0922456;;;;;;;;;;;
-18.234728;31.710108;-7.078513;;;;;;;;;;;
-18.276794;31.761173;-7.071253;;;;;;;;;;;
-18.318796;31.812162;-7.0640035;;;;;;;;;;;
-18.211641;31.753954;-7.050594;;;;;;;;;;;
-18.104647;31.695831;-7.037204;;;;;;;;;;;
-17.997808;31.637794;-7.0238333;;;;;;;;;;;
-17.66994;31.579285;-5.9164557;;;;;;;;;;;
-17.342558;31.52086;-4.810723;;;;;;;;;;;
-17.028427;31.636448;-4.526732;;;;;;;;;;;
-16.714762;31.751863;-4.243163;;;;;;;;;;;
-16.570156;31.668358;-4.603247;;;;;;;;;;;
-16.425764;31.584976;-4.9627967;;;;;;;;;;;
-15.588702;31.574512;-5.0304923;;;;;;;;;;;
-14.752884;31.564064;-5.0980873;;;;;;;;;;;
-13.918306;31.553633;-5.1655817;;;;;;;;;;;
-11.867654;31.69624;-5.10015;;;;;;;;;;;
-9.820046;31.838634;-5.0348153;;;;;;;;;;;
-7.882779;31.951643;-4.84138;;;;;;;;;;;
-5.9483895;32.064484;-4.648232;;;;;;;;;;;
-4.936277;32.18319;-4.5688415;;;;;;;;;;;
-3.9256673;32.30172;-4.4895687;;;;;;;;;;;
-2.9165587;32.420074;-4.4104137;;;;;;;;;;;
-2.4499314;32.511322;-4.4336257;;;;;;;;;;;
-1.9839973;32.602436;-4.4568033;;;;;;;;;;;
-1.69394;32.62889;-4.5364714;;;;;;;;;;;
-1.4043134;32.655308;-4.616021;;;;;;;;;;;
-1.0808936;32.663876;-4.690824;;;;;;;;;;;
-0.75795424;32.67243;-4.765516;;;;;;;;;;;
-0.25287604;32.728794;-4.7851143;;;;;;;;;;;
0.25145197;32.78508;-4.804684;;;;;;;;;;;
0.5467449;32.74927;-4.8594303;;;;;;;;;;;
0.8415992;32.713516;-4.914095;;;;;;;;;;;
1.1825819;32.690014;-4.938102;;;;;;;;;;;
1.523058;32.66655;-4.962073;;;;;;;;;;;
1.8856103;32.67075;-4.962304;;;;;;;;;;;
2.2476244;32.674942;-4.9625354;;;;;;;;;;;
2.4694016;32.60325;-4.9797378;;;;;;;;;;;
2.6908495;32.531662;-4.9969144;;;;;;;;;;;
2.9976673;32.563274;-5.0021434;;;;;;;;;;;
3.3040295;32.59484;-5.007365;;;;;;;;;;;
3.531952;32.625374;-4.9914;;;;;;;;;;;
3.759536;32.655865;-4.975458;;;;;;;;;;;
3.9867818;32.68631;-4.95954;;;;;;;;;;;
4.186199;32.660046;-4.972539;;;;;;;;;;;
4.3853207;32.63382;-4.9855185;;;;;;;;;;;
4.731279;32.65392;-4.969305;;;;;;;;;;;
5.0767236;32.67399;-4.9531155;;;;;;;;;;;
5.3857484;32.688137;-4.97468;;;;;;;;;;;
5.694314;32.702263;-4.9962125;;;;;;;;;;;
5.944915;32.729553;-5.0353856;;;;;;;;;;;
6.195143;32.7568;-5.0745006;;;;;;;;;;;
6.584559;32.75582;-5.0752664;;;;;;;;;;;
6.9733963;32.75484;-5.076031;;;;;;;;;;;
7.5013547;32.795097;-5.0669765;;;;;;;;;;;
8.028529;32.835297;-5.0579357;;;;;;;;;;;
8.409611;32.86323;-5.077942;;;;;;;;;;;
8.790127;32.891125;-5.0979185;;;;;;;;;;;
9.506701;32.930336;-5.055029;;;;;;;;;;;
10.222212;32.96949;-5.0122027;;;;;;;;;;;
10.950826;33.029205;-5.0025415;;;;;;;;;;;
11.678357;33.08883;-4.9928946;;;;;;;;;;;
12.299192;33.05369;-4.994483;;;;;;;;;;;
12.919106;33.018604;-4.9960694;;;;;;;;;;;
13.91147;33.018215;-4.8279386;;;;;;;;;;;
14.902361;33.017826;-4.6600575;;;;;;;;;;;
15.447717;32.98672;-4.6162753;;;;;;;;;;;
15.992263;32.95566;-4.572558;;;;;;;;;;;
16.536;32.924652;-4.5289054;;;;;;;;;;;
17.235178;32.92356;-4.513089;;;;;;;;;;;
17.93332;32.92247;-4.497297;;;;;;;;;;;
18.576984;32.91465;-4.480265;;;;;;;;;;;
19.219692;32.90684;-4.463259;;;;;;;;;;;
19.729603;32.89329;-4.499437;;;;;;;;;;;
20.238754;32.879765;-4.5355606;;;;;;;;;;;
20.659628;32.865417;-4.5664415;;;;;;;;;;;
21.079876;32.85109;-4.597276;;;;;;;;;;;
21.497957;32.837765;-4.607868;;;;;;;;;;;
21.915419;32.82446;-4.6184444;;;;;;;;;;;
22.37097;32.753105;-4.5992694;;;;;;;;;;;
22.825846;32.681858;-4.580123;;;;;;;;;;;
23.580624;32.630634;-4.5652127;;;;;;;;;;;
24.334278;32.579487;-4.5503244;;;;;;;;;;;
25.0028;32.533325;-4.5639315;;;;;;;;;;;
25.670328;32.48723;-4.5775185;;;;;;;;;;;
26.211052;32.422546;-4.560087;;;;;;;;;;;
26.750973;32.35796;-4.542682;;;;;;;;;;;
27.206917;32.343544;-4.5686436;;;;;;;;;;;
27.662184;32.32915;-4.5945663;;;;;;;;;;;
27.929949;32.333855;-4.6859517;;;;;;;;;;;
28.197315;32.33855;-4.777201;;;;;;;;;;;
28.809605;32.33328;-4.863266;;;;;;;;;;;
29.420986;32.328014;-4.949203;;;;;;;;;;;
30.031458;32.322758;-5.0350122;;;;;;;;;;;
30.69895;32.23728;-5.0093274;;;;;;;;;;;
31.365452;32.15193;-4.9836807;;;;;;;;;;;
31.90543;32.15143;-5.0310073;;;;;;;;;;;
32.444607;32.150925;-5.0782638;;;;;;;;;;;
33.120018;32.137936;-5.041154;;;;;;;;;;;
33.794422;32.12497;-5.004099;;;;;;;;;;;
34.159676;32.12324;-5.022502;;;;;;;;;;;
34.524387;32.121517;-5.040878;;;;;;;;;;;
34.866817;32.144623;-5.1243067;;;;;;;;;;;
35.20874;32.16769;-5.207612;;;;;;;;;;;
35.550156;32.190723;-5.2907934;;;;;;;;;;;
35.88559;32.16197;-5.4216795;;;;;;;;;;;
36.220528;32.13326;-5.5523715;;;;;;;;;;;
36.63225;32.123806;-5.6879187;;;;;;;;;;;
37.043365;32.114365;-5.8232646;;;;;;;;;;;
37.747993;32.113914;-5.844939;;;;;;;;;;;
38.451572;32.113464;-5.866582;;;;;;;;;;;
39.185944;32.08735;-5.8577557;;;;;;;;;;;
39.919228;32.06127;-5.8489423;;;;;;;;;;;
40.82282;32.106907;-5.831446;;;;;;;;;;;
41.725067;32.152473;-5.813976;;;;;;;;;;;
42.727245;32.19699;-5.786433;;;;;;;;;;;
43.727932;32.241444;-5.758931;;;;;;;;;;;
44.410427;32.267174;-5.8556;;;;;;;;;;;
45.091908;32.292866;-5.952125;;;;;;;;;;;
45.772373;32.31852;-6.0485067;;;;;;;;;;;
46.114788;32.30795;-6.230725;;;;;;;;;;;
46.45669;32.297394;-6.412672;;;;;;;;;;;
46.76597;32.26806;-6.613565;;;;;;;;;;;
47.074787;32.23877;-6.8141594;;;;;;;;;;;
47.383144;32.209522;-7.014456;;;;;;;;;;;
47.911255;32.15956;-7.0339403;;;;;;;;;;;
48.43858;32.109673;-7.0533957;;;;;;;;;;;
48.77661;32.08735;-7.1198096;;;;;;;;;;;
49.114143;32.06506;-7.1861243;;;;;;;;;;;
49.704063;32.059494;-7.2099824;;;;;;;;;;;
50.293106;32.053936;-7.233805;;;;;;;;;;;
50.775517;32.01767;-7.2221065;;;;;;;;;;;
51.25721;31.981459;-7.2104254;;;;;;;;;;;
51.700317;31.953014;-7.21405;;;;;;;;;;;
52.14277;31.924612;-7.217669;;;;;;;;;;;
52.745583;31.917152;-7.1930904;;;;;;;;;;;
53.347496;31.909702;-7.1685486;;;;;;;;;;;
53.948517;31.902264;-7.144043;;;;;;;;;;;
54.72664;31.871832;-7.0713243;;;;;;;;;;;
55.5036;31.841446;-6.998714;;;;;;;;;;;
56.40326;31.890213;-6.91485;;;;;;;;;;;
57.301582;31.938908;-6.831111;;;;;;;;;;;
57.832073;31.927498;-6.795746;;;;;;;;;;;
58.361774;31.916105;-6.760433;;;;;;;;;;;
58.97793;31.912024;-6.665562;;;;;;;;;;;
59.593166;31.907948;-6.5708323;;;;;;;;;;;
60.207493;31.90388;-6.476243;;;;;;;;;;;
60.3509;31.932775;-6.5234566;;;;;;;;;;;
60.49409;31.96163;-6.5706;;;;;;;;;;;
60.7079;31.965614;-6.5866766;;;;;;;;;;;
60.921394;31.969595;-6.602729;;;;;;;;;;;
61.350708;31.98016;-6.559147;;;;;;;;;;;
61.779385;31.99071;-6.5156293;;;;;;;;;;;
61.925503;31.965479;-6.5303845;;;;;;;;;;;
62.071404;31.940285;-6.545118;;;;;;;;;;;
62.4063;31.930136;-6.4644527;;;;;;;;;;;
62.740696;31.920002;-6.3839073;;;;;;;;;;;
63.0746;31.909882;-6.3034816;;;;;;;;;;;
63.365227;31.914785;-6.2129364;;;;;;;;;;;
63.655422;31.919682;-6.1225257;;;;;;;;;;;
64.20635;31.955568;-5.9758644;;;;;;;;;;;
64.75646;31.991402;-5.829421;;;;;;;;;;;
65.40029;32.098995;-5.632842;;;;;;;;;;;
66.04317;32.20643;-5.436555;;;;;;;;;;;
66.68508;32.3137;-5.240559;;;;;;;;;;;
67.21187;32.30566;-5.0797796;;;;;;;;;;;
67.90465;32.335926;-4.885436;;;;;;;;;;;
68.5964;32.366146;-4.691381;;;;;;;;;;;
69.287125;32.39632;-4.4976144;;;;;;;;;;;
69.93488;32.386753;-4.3662705;;;;;;;;;;;
70.58168;32.377205;-4.2351217;;;;;;;;;;;
71.52585;32.306095;-4.0768175;;;;;;;;;;;
72.46861;32.235092;-3.9187481;;;;;;;;;;;
73.43902;32.12492;-3.7888253;;;;;;;;;;;
74.407974;32.01491;-3.6590953;;;;;;;;;;;
75.03648;31.839005;-3.6637866;;;;;;;;;;;
75.66406;31.663359;-3.6684713;;;;;;;;;;;
75.998825;31.489517;-3.7250452;;;;;;;;;;;
76.33309;31.315933;-3.781535;;;;;;;;;;;
76.66686;31.142607;-3.837941;;;;;;;;;;;
77.26003;31.034338;-3.8963668;;;;;;;;;;;
77.85233;30.926231;-3.954706;;;;;;;;;;;
78.133354;30.836378;-4.027826;;;;;;;;;;;
78.413956;30.746656;-4.100837;;;;;;;;;;;
79.064705;30.725235;-4.098982;;;;;;;;;;;
79.71449;30.703848;-4.0971293;;;;;;;;;;;
80.36331;30.682491;-4.095279;;;;;;;;;;;
80.54845;30.705208;-4.1725388;;;;;;;;;;;
81.102196;30.759449;-4.1272364;;;;;;;;;;;
81.65512;30.81361;-4.082001;;;;;;;;;;;
82.20723;30.867691;-4.036834;;;;;;;;;;;
82.50731;30.945536;-4.071962;;;;;;;;;;;
82.80694;31.023264;-4.107038;;;;;;;;;;;
82.834724;31.060762;-4.055802;;;;;;;;;;;
82.862465;31.098206;-4.0046415;;;;;;;;;;;
83.00055;31.150461;-3.8316717;;;;;;;;;;;
83.138435;31.202639;-3.6589587;;;;;;;;;;;
82.8688;31.153751;-3.6148398;;;;;;;;;;;
82.59956;31.104937;-3.5707865;;;;;;;;;;;
82.37575;31.072044;-3.5101078;;;;;;;;;;;
82.15227;31.0392;-3.4495192;;;;;;;;;;;
81.760666;30.930384;-3.4720545;;;;;;;;;;;
81.36965;30.82173;-3.4945564;;;;;;;;;;;
81.130554;30.755455;-3.4496999;;;;;;;;;;;
80.89181;30.68928;-3.4049103;;;;;;;;;;;
79.98592;30.646063;-3.5108263;;;;;;;;;;;
79.08138;30.602911;-3.616585;;;;;;;;;;;
78.178185;30.559824;-3.7221866;;;;;;;;;;;
77.04644;30.47318;-3.8223014;;;;;;;;;;;
75.91638;30.386665;-3.9222674;;;;;;;;;;;
74.45811;30.24726;-4.0621996;;;;;;;;;;;
73.002;30.10806;-4.201924;;;;;;;;;;;
71.909225;30.014513;-4.1720066;;;;;;;;;;;
70.81807;29.921104;-4.1421337;;;;;;;;;;;
69.88325;29.785336;-4.119178;;;;;;;;;;;
68.949814;29.649769;-4.0962563;;;;;;;;;;;
68.46253;29.581167;-4.0371814;;;;;;;;;;;
67.97597;29.512669;-3.9781945;;;;;;;;;;;
66.63033;29.474146;-4.190418;;;;;;;;;;;
65.2867;29.43568;-4.4023256;;;;;;;;;;;
63.945057;29.397272;-4.613919;;;;;;;;;;;
62.296696;29.211508;-4.8323507;;;;;;;;;;;
60.650787;29.02602;-5.0504584;;;;;;;;;;;
59.12963;28.9446;-5.1011925;;;;;;;;;;;
57.610733;28.863298;-5.151851;;;;;;;;;;;
56.273624;28.771038;-5.169193;;;;;;;;;;;
54.9385;28.678915;-5.1865087;;;;;;;;;;;
53.605362;28.58693;-5.2037992;;;;;;;;;;;
52.54995;28.55455;-5.214472;;;;;;;;;;;
51.496105;28.52222;-5.2251287;;;;;;;;;;;
50.31956;28.46904;-5.2556863;;;;;;;;;;;
49.14476;28.415937;-5.2861986;;;;;;;;;;;
48.141;28.422945;-5.2611227;;;;;;;;;;;
47.13873;28.429943;-5.236084;;;;;;;;;;;
46.25408;28.430338;-5.2067347;;;;;;;;;;;
45.37075;28.430733;-5.1774287;;;;;;;;;;;
44.422108;28.397324;-5.2129664;;;;;;;;;;;
43.474873;28.363964;-5.248451;;;;;;;;;;;
42.529045;28.330654;-5.2838836;;;;;;;;;;;
41.300594;28.23021;-5.3436685;;;;;;;;;;;
40.073967;28.129913;-5.403364;;;;;;;;;;;
38.86824;28.034254;-5.418509;;;;;;;;;;;
37.664307;27.938738;-5.4336314;;;;;;;;;;;
36.421623;27.78207;-5.4915104;;;;;;;;;;;
35.180786;27.625635;-5.5493035;;;;;;;;;;;
34.03647;27.469292;-5.5855513;;;;;;;;;;;
32.89385;27.31318;-5.621745;;;;;;;;;;;
31.669191;27.130932;-5.717636;;;;;;;;;;;
30.446352;26.948956;-5.8133845;;;;;;;;;;;
29.22533;26.767248;-5.9089904;;;;;;;;;;;
27.844822;26.571646;-6.046673;;;;;;;;;;;
26.466364;26.376331;-6.1841507;;;;;;;;;;;
24.821918;26.126328;-6.3424635;;;;;;;;;;;
23.179914;25.876694;-6.500541;;;;;;;;;;;
21.54035;25.62743;-6.658384;;;;;;;;;;;
20.15134;25.512905;-6.7799454;;;;;;;;;;;
18.764395;25.398552;-6.901326;;;;;;;;;;;
17.56872;25.29531;-6.9765215;;;;;;;;;;;
16.37482;25.19222;-7.051605;;;;;;;;;;;
15.1826935;25.089283;-7.126578;;;;;;;;;;;
14.325735;24.979906;-7.082078;;;;;;;;;;;
13.47005;24.870693;-7.0376434;;;;;;;;;;;
12.838929;24.78815;-6.930018;;;;;;;;;;;
12.208746;24.70573;-6.8225527;;;;;;;;;;;
11.348631;24.642227;-6.8177767;;;;;;;;;;;
10.489793;24.57882;-6.813008;;;;;;;;;;;
9.632231;24.515507;-6.808246;;;;;;;;;;;
8.896706;24.424093;-6.7723536;;;;;;;;;;;
8.162273;24.332817;-6.7365146;;;;;;;;;;;
7.466802;24.271132;-6.7233105;;;;;;;;;;;
6.7723637;24.209536;-6.710126;;;;;;;;;;;
6.119211;24.17412;-6.6956987;;;;;;;;;;;
5.467029;24.138758;-6.681293;;;;;;;;;;;
4.8348913;24.07259;-6.688088;;;;;;;;;;;
4.2036924;24.006521;-6.6948724;;;;;;;;;;;
3.5058255;23.934238;-6.727034;;;;;;;;;;;
2.808995;23.862064;-6.759148;;;;;;;;;;;
2.1131995;23.789997;-6.7912145;;;;;;;;;;;
1.4265726;23.694332;-6.846657;;;;;;;;;;;
0.7409655;23.59881;-6.9020166;;;;;;;;;;;
0.22370687;23.549715;-6.915216;;;;;;;;;;;
-0.2927835;23.500692;-6.928396;;;;;;;;;;;
-0.6097584;23.53085;-6.918975;;;;;;;;;;;
-0.92626244;23.56096;-6.9095674;;;;;;;;;;;
-1.1295274;23.501823;-6.872683;;;;;;;;;;;
-1.3324904;23.442774;-6.8358536;;;;;;;;;;;
-1.5351521;23.383812;-6.799079;;;;;;;;;;;
-1.7868842;23.303057;-6.7721767;;;;;;;;;;;
-2.0382423;23.222422;-6.745314;;;;;;;;;;;
-2.3280792;23.212599;-6.730695;;;;;;;;;;;
-2.6174858;23.20279;-6.716097;;;;;;;;;;;
-2.8447478;23.183315;-6.6441545;;;;;;;;;;;
-3.0716724;23.163872;-6.5723186;;;;;;;;;;;
-3.4529667;23.100836;-6.5210676;;;;;;;;;;;
-3.8336947;23.037893;-6.4698925;;;;;;;;;;;
-4.213857;22.975044;-6.4187937;;;;;;;;;;;
-4.834842;22.889566;-6.4301863;;;;;;;;;;;
-5.454905;22.804216;-6.4415617;;;;;;;;;;;
-6.074047;22.718992;-6.4529204;;;;;;;;;;;
-6.7403784;22.672186;-6.47913;;;;;;;;;;;
-7.4057198;22.62545;-6.5053005;;;;;;;;;;;
-7.982551;22.45928;-6.4673333;;;;;;;;;;;
-8.558525;22.293358;-6.4294224;;;;;;;;;;;
-9.133644;22.127684;-6.391568;;;;;;;;;;;
-9.4659605;22.023127;-6.307063;;;;;;;;;;;
-9.797783;21.918726;-6.222684;;;;;;;;;;;
-10.1871805;21.826963;-6.166482;;;;;;;;;;;
-10.575999;21.735336;-6.1103635;;;;;;;;;;;
-10.753571;21.722813;-6.036515;;;;;;;;;;;
-10.930879;21.710306;-5.9627767;;;;;;;;;;;
-10.910577;21.705673;-5.86881;;;;;;;;;;;
-10.8903055;21.701048;-5.7749834;;;;;;;;;;;
-11.1139765;21.630789;-5.711171;;;;;;;;;;;
-11.337315;21.560633;-5.647454;;;;;;;;;;;
-11.560321;21.490582;-5.583831;;;;;;;;;;;
-11.759853;21.50521;-5.5085206;;;;;;;;;;;
-11.95909;21.519817;-5.4333224;;;;;;;;;;;
-12.175563;21.411816;-5.3472953;;;;;;;;;;;
-12.391714;21.303974;-5.261396;;;;;;;;;;;
-12.861275;21.191805;-5.1732397;;;;;;;;;;;
-13.330137;21.079802;-5.0852146;;;;;;;;;;;
-13.798304;20.967966;-4.99732;;;;;;;;;;;
-14.283588;20.860645;-4.9652395;;;;;;;;;;;
-14.768151;20.753483;-4.9332066;;;;;;;;;;;
-15.466031;20.57228;-4.865034;;;;;;;;;;;
-16.162874;20.39135;-4.7969627;;;;;;;;;;;
-16.675924;20.31518;-4.6949096;;;;;;;;;;;
-17.188213;20.239124;-4.593008;;;;;;;;;;;
-17.699741;20.163181;-4.4912577;;;;;;;;;;;
-18.184841;20.021988;-4.377035;;;;;;;;;;;
-18.66922;19.881006;-4.2629824;;;;;;;;;;;
-19.189068;19.79255;-4.134231;;;;;;;;;;;
-19.708141;19.704224;-4.005671;;;;;;;;;;;
-19.968367;19.615047;-3.790902;;;;;;;;;;;
-20.228205;19.526005;-3.576452;;;;;;;;;;;
-20.442493;19.441301;-3.406923;;;;;;;;;;;
-20.656466;19.356724;-3.2376459;;;;;;;;;;;
-20.986956;19.28686;-3.0109735;;;;;;;;;;;
-21.316954;19.2171;-2.7846377;;;;;;;;;;;
-21.890656;19.143936;-2.6695838;;;;;;;;;;;
-22.463505;19.07088;-2.5547009;;;;;;;;;;;
-22.705471;19.037209;-2.3328297;;;;;;;;;;;
-22.947079;19.003584;-2.1112883;;;;;;;;;;;
-23.188328;18.97001;-1.8900759;;;;;;;;;;;
-23.250105;18.944342;-1.6840596;;;;;;;;;;;
-23.31179;18.91871;-1.4783493;;;;;;;;;;;
-23.442814;18.855389;-1.2040769;;;;;;;;;;;
-23.573643;18.79216;-0.9302119;;;;;;;;;;;
-23.683659;18.654408;-0.70135635;;;;;;;;;;;
-23.793512;18.51686;-0.4728407;;;;;;;;;;;
-23.732086;18.448664;-0.3885711;;;;;;;;;;;
-23.67075;18.38057;-0.30442673;;;;;;;;;;;
-23.557049;18.36756;-0.2578567;;;;;;;;;;;
-23.443516;18.354568;-0.21135585;;;;;;;;;;;
-23.372509;18.285072;-0.20896569;;;;;;;;;;;
-23.301607;18.215677;-0.20657907;;;;;;;;;;;
-23.317772;18.13278;-0.16997258;;;;;;;;;;;
-23.333914;18.050007;-0.13342047;;;;;;;;;;;
-23.31118;17.994987;-0.13984218;;;;;;;;;;;
-23.288479;17.94005;-0.14625436;;;;;;;;;;;
-23.30214;17.854057;-0.18309341;;;;;;;;;;;
-23.315779;17.768192;-0.21987776;;;;;;;;;;;
-23.304432;17.683014;-0.23388536;;;;;;;;;;;
-23.293102;17.597963;-0.24787216;;;;;;;;;;;
-23.348555;17.564655;-0.3041967;;;;;;;;;;;
-23.403923;17.531397;-0.36043754;;;;;;;;;;;
-23.376036;17.45709;-0.43062085;;;;;;;;;;;
-23.348188;17.382895;-0.50069994;;;;;;;;;;;
-23.320383;17.30881;-0.5706749;;;;;;;;;;;
-23.240023;17.096258;-0.69047844;;;;;;;;;;;
-23.176754;17.00689;-0.8429249;;;;;;;;;;;
-23.113577;16.917652;-0.9951449;;;;;;;;;;;
-23.050495;16.828548;-1.1471388;;;;;;;;;;;
-23.116264;16.860199;-1.3543097;;;;;;;;;;;
-23.181938;16.891806;-1.5611728;;;;;;;;;;;
-23.38076;16.859686;-1.7814742;;;;;;;;;;;
-23.579287;16.827614;-2.0014484;;;;;;;;;;;
-23.382126;16.809475;-2.0717192;;;;;;;;;;;
-23.185257;16.791365;-2.1418855;;;;;;;;;;;
-22.988682;16.77328;-2.2119474;;;;;;;;;;;
-22.66406;16.8628;-2.2559574;;;;;;;;;;;
-22.339922;16.952188;-2.299902;;;;;;;;;;;
-22.018368;17.004557;-2.3827734;;;;;;;;;;;
-21.697292;17.056845;-2.4655218;;;;;;;;;;;
-21.365612;17.108635;-2.52795;;;;;;;;;;;
-21.034426;17.160349;-2.5902853;;;;;;;;;;;
-20.478052;17.178043;-2.5814164;;;;;;;;;;;
-19.922504;17.195711;-2.5725605;;;;;;;;;;;
-17.99155;17.154303;-2.3648293;;;;;;;;;;;
-16.063465;17.112955;-2.1574066;;;;;;;;;;;
-13.646213;17.30422;-2.0358505;;;;;;;;;;;
-11.232551;17.495201;-1.914475;;;;;;;;;;;
-8.822473;17.6859;-1.7932796;;;;;;;;;;;
-7.4783034;17.813478;-1.9428258;;;;;;;;;;;
-6.136131;17.940868;-2.0921497;;;;;;;;;;;
-5.0726843;18.032583;-2.2614493;;;;;;;;;;;
-4.0108175;18.12416;-2.4304976;;;;;;;;;;;
-3.4846377;18.184746;-2.6520326;;;;;;;;;;;
-2.9592392;18.24524;-2.8732386;;;;;;;;;;;
-2.8093958;18.333836;-3.2796795;;;;;;;;;;;
-2.659775;18.4223;-3.685517;;;;;;;;;;;
-1.7949104;18.527325;-4.076726;;;;;;;;;;;
-0.93133044;18.632193;-4.4673533;;;;;;;;;;;
-0.069033094;18.736906;-4.857401;;;;;;;;;;;
1.5571012;18.862783;-5.0648117;;;;;;;;;;;
3.1808205;18.988474;-5.2719145;;;;;;;;;;;
5.435121;19.16854;-5.3956757;;;;;;;;;;;
7.6860733;19.348337;-5.519253;;;;;;;;;;;
10.047012;19.53993;-5.34221;;;;;;;;;;;
12.404445;19.731237;-5.1654296;;;;;;;;;;;
14.246847;19.864193;-5.0436134;;;;;;;;;;;
16.086514;19.996952;-4.9219785;;;;;;;;;;;
17.923447;20.129513;-4.8005238;;;;;;;;;;;
19.785845;20.172953;-4.3807764;;;;;;;;;;;
21.645475;20.216328;-3.9616525;;;;;;;;;;;
22.993622;20.248417;-3.863505;;;;;;;;;;;
24.339767;20.280458;-3.7655032;;;;;;;;;;;
25.703968;20.373608;-3.7325873;;;;;;;;;;;
27.066145;20.466618;-3.6997204;;;;;;;;;;;
28.758715;20.591047;-3.5865333;;;;;;;;;;;
30.44877;20.715294;-3.4735143;;;;;;;;;;;
32.136314;20.839355;-3.3606632;;;;;;;;;;;
33.546722;20.914984;-3.3214757;;;;;;;;;;;
34.955036;20.990498;-3.2823465;;;;;;;;;;;
36.599277;21.026628;-2.9373686;;;;;;;;;;;
38.24108;21.062706;-2.5929031;;;;;;;;;;;
39.598522;20.918776;-2.3241284;;;;;;;;;;;
40.953945;20.775059;-2.055753;;;;;;;;;;;
42.593487;20.685837;-1.8003997;;;;;;;;;;;
44.230595;20.596746;-1.5454257;;;;;;;;;;;
45.668903;20.558844;-1.4588617;;;;;;;;;;;
47.105076;20.520996;-1.3724263;;;;;;;;;;;
48.53912;20.483204;-1.2861193;;;;;;;;;;;
49.80412;20.413208;-1.378772;;;;;;;;;;;
51.06724;20.343319;-1.471287;;;;;;;;;;;
52.727386;20.30411;-1.4626775;;;;;;;;;;;
54.385067;20.264957;-1.4540806;;;;;;;;;;;
55.925133;20.250689;-1.5188525;;;;;;;;;;;
57.46291;20.236443;-1.5835282;;;;;;;;;;;
59.42409;20.112814;-1.5682999;;;;;;;;;;;
61.382362;19.98937;-1.5530943;;;;;;;;;;;
63.25104;19.858114;-1.6449295;;;;;;;;;;;
65.11694;19.727053;-1.7366284;;;;;;;;;;;
66.6868;19.6673;-1.8719522;;;;;;;;;;;
68.25432;19.607634;-2.007075;;;;;;;;;;;
69.8195;19.548056;-2.1419973;;;;;;;;;;;
71.09961;19.497124;-2.3071554;;;;;;;;;;;
72.37781;19.446268;-2.472068;;;;;;;;;;;
73.65775;19.519758;-2.6402423;;;;;;;;;;;
74.9358;19.593138;-2.8081667;;;;;;;;;;;
75.843765;19.610163;-2.962517;;;;;;;;;;;
76.75038;19.627165;-3.1166382;;;;;;;;;;;
77.87334;19.684397;-3.0023534;;;;;;;;;;;
78.99462;19.741543;-2.8882384;;;;;;;;;;;
79.680695;19.729877;-2.8142672;;;;;;;;;;;
80.36575;19.718227;-2.7404056;;;;;;;;;;;
80.67179;19.672932;-2.710415;;;;;;;;;;;
80.97738;19.627705;-2.6804688;;;;;;;;;;;
80.47461;19.740337;-2.7192945;;;;;;;;;;;
79.97259;19.852802;-2.7580626;;;;;;;;;;;
78.97381;19.973234;-2.8071523;;;;;;;;;;;
77.97652;20.093489;-2.856169;;;;;;;;;;;
76.980705;20.213564;-2.905113;;;;;;;;;;;
75.732925;20.134995;-2.983018;;;;;;;;;;;
74.487;20.05654;-3.0608072;;;;;;;;;;;
72.7025;19.922659;-3.1339927;;;;;;;;;;;
70.920654;19.788977;-3.2070694;;;;;;;;;;;
69.14145;19.655493;-3.2800376;;;;;;;;;;;
66.49471;19.483778;-3.526399;;;;;;;;;;;
63.851913;19.312317;-3.7723944;;;;;;;;;;;
61.922615;19.139427;-3.7659774;;;;;;;;;;;
59.99618;18.966795;-3.75957;;;;;;;;;;;
58.448925;18.871422;-3.6611614;;;;;;;;;;;
56.90397;18.77619;-3.562899;;;;;;;;;;;
55.361305;18.681099;-3.4647827;;;;;;;;;;;
53.374065;18.706072;-3.589685;;;;;;;;;;;
51.38978;18.731009;-3.714402;;;;;;;;;;;
49.87298;18.743706;-3.7919466;;;;;;;;;;;
48.35843;18.756384;-3.869376;;;;;;;;;;;
46.22969;18.785032;-3.983859;;;;;;;;;;;
44.10411;18.813639;-4.098172;;;;;;;;;;;
41.98169;18.842203;-4.2123156;;;;;;;;;;;
40.025963;18.641678;-4.3901076;;;;;;;;;;;
38.073143;18.441452;-4.567636;;;;;;;;;;;
36.123222;18.241524;-4.7449007;;;;;;;;;;;
33.926956;18.198002;-4.8425145;;;;;;;;;;;
31.733952;18.154545;-4.9399834;;;;;;;;;;;
29.04544;17.934423;-5.134788;;;;;;;;;;;
26.360924;17.71463;-5.3293037;;;;;;;;;;;
23.680393;17.495163;-5.5235305;;;;;;;;;;;
21.028389;17.400433;-5.7358427;;;;;;;;;;;
18.380325;17.305843;-5.9478393;;;;;;;;;;;
15.789773;17.114334;-6.215345;;;;;;;;;;;
13.203069;16.92311;-6.482453;;;;;;;;;;;
11.083064;16.789394;-6.554203;;;;;;;;;;;
8.966208;16.65588;-6.6258464;;;;;;;;;;;
6.852497;16.522562;-6.6973834;;;;;;;;;;;
4.6999874;16.374996;-6.8709235;;;;;;;;;;;
2.5506747;16.22765;-7.044206;;;;;;;;;;;
0.7066744;16.077576;-7.194509;;;;;;;;;;;
-1.1345872;15.927725;-7.3445883;;;;;;;;;;;
-2.9731138;15.778096;-7.494445;;;;;;;;;;;
-4.392338;15.653517;-7.5391645;;;;;;;;;;;
-5.8094535;15.529122;-7.5838175;;;;;;;;;;;
-6.901446;15.417114;-7.489968;;;;;;;;;;;
-7.9918165;15.305273;-7.3962574;;;;;;;;;;;
-9.100485;15.165546;-7.384458;;;;;;;;;;;
-10.207506;15.026027;-7.3726764;;;;;;;;;;;
-11.393112;14.975499;-7.346325;;;;;;;;;;;
-12.576957;14.925046;-7.3200126;;;;;;;;;;;
-13.759043;14.874668;-7.2937393;;;;;;;;;;;
-15.303628;14.768822;-7.3255725;;;;;;;;;;;
-16.84592;14.663134;-7.3573585;;;;;;;;;;;
-18.041162;14.531373;-7.351648;;;;;;;;;;;
-19.234629;14.399808;-7.345946;;;;;;;;;;;
-19.862759;14.2258;-7.2274833;;;;;;;;;;;
-20.489956;14.05205;-7.1091967;;;;;;;;;;;
-20.712973;14.076605;-7.026992;;;;;;;;;;;
-20.935658;14.101124;-6.9449096;;;;;;;;;;;
-21.240908;14.196298;-6.6145487;;;;;;;;;;;
-21.545704;14.29133;-6.284679;;;;;;;;;;;
-22.284712;14.090413;-6.154608;;;;;;;;;;;
-23.022623;13.889794;-6.02473;;;;;;;;;;;
-23.759438;13.689473;-5.8950453;;;;;;;;;;;
-24.53275;13.573746;-5.7651324;;;;;;;;;;;
-25.304913;13.458191;-5.6354127;;;;;;;;;;;
-25.959791;13.306059;-5.397745;;;;;;;;;;;
-26.613699;13.154153;-5.1604304;;;;;;;;;;;
-27.266636;13.002472;-4.923468;;;;;;;;;;;
-28.562254;12.814408;-5.113809;;;;;;;;;;;
-29.85595;12.626625;-5.3038673;;;;;;;;;;;
-31.868658;12.549084;-5.6587296;;;;;;;;;;;
-33.878376;12.471659;-6.013065;;;;;;;;;;;
-35.88511;12.394348;-6.3668737;;;;;;;;;;;
-37.04169;12.171563;-6.663071;;;;;;;;;;;
-38.196556;11.949108;-6.9588284;;;;;;;;;;;
-39.019676;11.956028;-7.274905;;;;;;;;;;;
-39.84157;11.962937;-7.5905123;;;;;;;;;;;
-39.60202;11.955671;-7.6435046;;;;;;;;;;;
-39.362827;11.948416;-7.696419;;;;;;;;;;;
-37.96572;12.008215;-7.466911;;;;;;;;;;;
-36.570694;12.067925;-7.237744;;;;;;;;;;;
-35.17774;12.127547;-7.0089173;;;;;;;;;;;
-33.55402;12.2300005;-6.7394743;;;;;;;;;;;
-31.93271;12.332301;-6.470432;;;;;;;;;;;
-30.238771;12.654658;-6.2630825;;;;;;;;;;;
-28.547348;12.976537;-6.0560412;;;;;;;;;;;
-27.171215;13.292606;-6.01804;;;;;;;;;;;
-25.797127;13.608207;-5.9800954;;;;;;;;;;;
-24.71668;13.883083;-6.042493;;;;;;;;;;;
-23.63784;14.157552;-6.104798;;;;;;;;;;;
-22.21444;14.5974;-6.2017946;;;;;;;;;;;
-20.793154;15.036594;-6.2986474;;;;;;;;;;;
-19.318436;15.439792;-6.4457097;;;;;;;;;;;
-17.845907;15.84239;-6.5925536;;;;;;;;;;;
-16.375566;16.24439;-6.739179;;;;;;;;;;;
-14.252956;16.551119;-6.6554203;;;;;;;;;;;
-12.133499;16.857391;-6.571786;;;;;;;;;;;
-9.303127;17.187193;-6.295699;;;;;;;;;;;
-6.4769588;17.516506;-6.020022;;;;;;;;;;;
-4.1813836;17.772955;-5.804505;;;;;;;;;;;
-1.889218;18.029022;-5.5893083;;;;;;;;;;;
0.15563104;18.137716;-5.375413;;;;;;;;;;;
2.1974428;18.24625;-5.1618357;;;;;;;;;;;
4.2362223;18.354622;-4.948575;;;;;;;;;;;
5.9148717;18.392282;-4.73479;;;;;;;;;;;
7.5910273;18.429888;-4.5213223;;;;;;;;;;;
9.848877;18.500679;-4.244354;;;;;;;;;;;
12.103373;18.571365;-3.9677966;;;;;;;;;;;
14.141324;18.596922;-3.890258;;;;;;;;;;;
16.176249;18.62244;-3.8128347;;;;;;;;;;;
18.68265;18.666857;-3.6855938;;;;;;;;;;;
21.18533;18.711206;-3.558542;;;;;;;;;;;
23.684292;18.75549;-3.4316788;;;;;;;;;;;
26.114038;18.694513;-3.4006615;;;;;;;;;;;
28.540178;18.633629;-3.3696902;;;;;;;;;;;
30.443192;18.572271;-3.3677986;;;;;;;;;;;
32.343376;18.511005;-3.3659098;;;;;;;;;;;
34.222786;18.408735;-3.3163354;;;;;;;;;;;
36.099403;18.306618;-3.2668347;;;;;;;;;;;
37.973232;18.20465;-3.2174075;;;;;;;;;;;
39.645676;17.870426;-3.0481315;;;;;;;;;;;
41.31563;17.536697;-2.8791068;;;;;;;;;;;
42.995453;17.436014;-2.763071;;;;;;;;;;;
44.672775;17.335482;-2.6472075;;;;;;;;;;;
46.43401;17.319674;-2.6260512;;;;;;;;;;;
48.192627;17.303888;-2.6049266;;;;;;;;;;;
49.94863;17.288128;-2.5838332;;;;;;;;;;;
51.597675;17.306894;-2.6615143;;;;;;;;;;;
53.24427;17.325632;-2.7390797;;;;;;;;;;;
55.102314;17.426115;-2.8659017;;;;;;;;;;;
56.9576;17.526447;-2.992535;;;;;;;;;;;
58.62148;17.65819;-3.071713;;;;;;;;;;;
60.282887;17.789738;-3.150773;;;;;;;;;;;
61.94183;17.92109;-3.2297158;;;;;;;;;;;
63.74081;18.088293;-3.3304217;;;;;;;;;;;
65.537125;18.255247;-3.4309783;;;;;;;;;;;
66.54419;18.382542;-3.5804763;;;;;;;;;;;
67.54975;18.509647;-3.7297523;;;;;;;;;;;
67.93065;18.476107;-3.9401002;;;;;;;;;;;
68.31098;18.442616;-4.1501355;;;;;;;;;;;
68.39031;18.417309;-4.37641;;;;;;;;;;;
68.46952;18.392038;-4.6023483;;;;;;;;;;;
68.54862;18.366808;-4.827951;;;;;;;;;;;
68.3346;18.376259;-4.8769116;;;;;;;;;;;
68.120895;18.385695;-4.9258;;;;;;;;;;;
67.81788;18.40227;-4.8107915;;;;;;;;;;;
67.51532;18.41882;-4.6959543;;;;;;;;;;;
66.913475;18.442358;-4.5916667;;;;;;;;;;;
66.312515;18.465862;-4.4875336;;;;;;;;;;;
65.44848;18.40756;-4.399966;;;;;;;;;;;
64.585724;18.349346;-4.312528;;;;;;;;;;;
63.724255;18.291218;-4.22522;;;;;;;;;;;
62.697296;18.195724;-4.1631484;;;;;;;;;;;
61.671864;18.100374;-4.101169;;;;;;;;;;;
60.10879;18.021015;-4.055412;;;;;;;;;;;
58.548046;17.941774;-4.0097227;;;;;;;;;;;
56.98457;17.760962;-3.8852751;;;;;;;;;;;
55.423412;17.580418;-3.7610123;;;;;;;;;;;
53.864574;17.40014;-3.6369343;;;;;;;;;;;
51.824997;17.385359;-3.4518871;;;;;;;;;;;
49.78845;17.3706;-3.2671149;;;;;;;;;;;
47.571606;17.211393;-3.2350795;;;;;;;;;;;
45.358055;17.052425;-3.2030916;;;;;;;;;;;
43.62566;17.01081;-3.042533;;;;;;;;;;;
41.895836;16.969257;-2.8822126;;;;;;;;;;;
39.74135;16.894382;-2.9064322;;;;;;;;;;;
37.59006;16.81962;-2.9306157;;;;;;;;;;;
35.44197;16.744968;-2.9547632;;;;;;;;;;;
33.111225;16.681648;-3.0281062;;;;;;;;;;;
30.783941;16.618423;-3.1013403;;;;;;;;;;;
28.056726;16.401846;-3.316689;;;;;;;;;;;
25.333563;16.18559;-3.531718;;;;;;;;;;;
22.614443;15.969657;-3.7464278;;;;;;;;;;;
20.933079;15.853769;-3.7460804;;;;;;;;;;;
19.254211;15.738053;-3.7457337;;;;;;;;;;;
18.389664;15.77974;-3.635143;;;;;;;;;;;
17.5264;15.821366;-3.5247169;;;;;;;;;;;
16.19693;15.869102;-3.6906264;;;;;;;;;;;
14.869435;15.916765;-3.8562896;;;;;;;;;;;
13.543913;15.964359;-4.0217066;;;;;;;;;;;
12.600463;15.885087;-3.99374;;;;;;;;;;;
11.658415;15.805932;-3.965815;;;;;;;;;;;
10.127272;15.660692;-4.111994;;;;;;;;;;;
8.598402;15.515669;-4.2579556;;;;;;;;;;;
7.2770042;15.366933;-4.314495;;;;;;;;;;;
5.957569;15.218418;-4.370951;;;;;;;;;;;
4.6400933;15.070124;-4.427323;;;;;;;;;;;
2.556932;14.87366;-4.7346764;;;;;;;;;;;
0.476865;14.677488;-5.0415735;;;;;;;;;;;
-1.6165229;14.413722;-5.25376;;;;;;;;;;;
-3.706802;14.150347;-5.4656315;;;;;;;;;;;
-5.231113;13.9182205;-5.4165854;;;;;;;;;;;
-6.75316;13.6864395;-5.367612;;;;;;;;;;;
-8.272946;13.455003;-5.3187113;;;;;;;;;;;
-10.024008;13.318585;-5.4912133;;;;;;;;;;;
-11.772469;13.18237;-5.6634593;;;;;;;;;;;
-12.81058;13.051968;-5.66307;;;;;;;;;;;
-13.84715;12.921759;-5.6626816;;;;;;;;;;;
-14.722565;12.775052;-5.589358;;;;;;;;;;;
-15.59668;12.628564;-5.5161433;;;;;;;;;;;
-16.469496;12.482293;-5.4430375;;;;;;;;;;;
-17.1598;12.383226;-5.311692;;;;;;;;;;;
-17.84908;12.2843075;-5.180542;;;;;;;;;;;
-18.746181;12.234626;-5.109758;;;;;;;;;;;
-19.641953;12.185018;-5.039079;;;;;;;;;;;
-19.854729;12.110376;-4.783783;;;;;;;;;;;
-20.067188;12.035847;-4.528866;;;;;;;;;;;
-20.61736;11.931692;-4.2788157;;;;;;;;;;;
-21.166712;11.827693;-4.029137;;;;;;;;;;;
-21.898008;11.739137;-3.9397256;;;;;;;;;;;
-22.62822;11.650712;-3.850447;;;;;;;;;;;
-23.357346;11.562418;-3.761301;;;;;;;;;;;
-24.98193;11.400478;-3.929945;;;;;;;;;;;
-26.604101;11.23878;-4.0983386;;;;;;;;;;;
-26.94371;11.177187;-3.9619775;;;;;;;;;;;
-27.282816;11.1156845;-3.825819;;;;;;;;;;;
-28.483034;11.068159;-3.964211;;;;;;;;;;;
-29.681469;11.020705;-4.102398;;;;;;;;;;;
-30.878124;10.973321;-4.240379;;;;;;;;;;;
-31.355993;10.9930525;-4.24589;;;;;;;;;;;
-31.833153;11.0127535;-4.2513933;;;;;;;;;;;
-32.582127;10.976743;-4.323091;;;;;;;;;;;
-33.32999;10.940785;-4.3946824;;;;;;;;;;;
-33.603504;10.836996;-4.337128;;;;;;;;;;;
-33.876614;10.733359;-4.2796593;;;;;;;;;;;
-33.893623;10.683456;-4.1542497;;;;;;;;;;;
-33.91061;10.633628;-4.0290265;;;;;;;;;;;
-34.190273;10.5589075;-3.9641607;;;;;;;;;;;
-34.469524;10.484298;-3.8993912;;;;;;;;;;;
-34.74836;10.409799;-3.834718;;;;;;;;;;;
-34.43152;10.326153;-3.7333927;;;;;;;;;;;
-34.115147;10.242632;-3.632218;;;;;;;;;;;
-33.739918;10.213797;-3.5164661;;;;;;;;;;;
-33.365246;10.185003;-3.4008863;;;;;;;;;;;
-33.142467;10.137177;-3.3396184;;;;;;;;;;;
-32.92002;10.089422;-3.2784417;;;;;;;;;;;
-32.833817;10.082133;-3.3294232;;;;;;;;;;;
-32.74774;10.074855;-3.3803291;;;;;;;;;;;
-32.808224;10.042481;-3.478848;;;;;;;;;;;
-32.868618;10.010156;-3.5772204;;;;;;;;;;;
-32.928925;9.977878;-3.6754467;;;;;;;;;;;
-33.020557;9.93611;-3.8213558;;;;;;;;;;;
-33.112053;9.894404;-3.9670482;;;;;;;;;;;
-33.472713;9.853182;-4.0747943;;;;;;;;;;;
-33.832836;9.81202;-4.18238;;;;;;;;;;;
-34.20042;9.753808;-4.258248;;;;;;;;;;;
-34.56746;9.695683;-4.3340025;;;;;;;;;;;
-34.933952;9.637643;-4.409645;;;;;;;;;;;
-34.90058;9.66048;-4.4360843;;;;;;;;;;;
-34.86726;9.683282;-4.4624844;;;;;;;;;;;
-34.160458;9.812928;-4.438772;;;;;;;;;;;
-33.45471;9.942383;-4.4150953;;;;;;;;;;;
-29.526411;9.961962;-4.2472663;;;;;;;;;;;
-25.603949;9.981511;-4.0796866;;;;;;;;;;;
-20.9567;10.808929;-3.8014102;;;;;;;;;;;
-16.31635;11.6351185;-3.5235472;;;;;;;;;;;
-11.682896;12.909052;-5.7069573;;;;;;;;;;;
-7.0563226;14.181094;-7.887124;;;;;;;;;;;
-2.4366212;15.451247;-10.064053;;;;;;;;;;;
2.1762183;18.490997;-11.532521;;;;;;;;;;;
6.7822065;21.526232;-12.998809;;;;;;;;;;;
11.381353;23.894651;-12.19758;;;;;;;;;;;
15.973669;26.259552;-11.397542;;;;;;;;;;;
18.626522;26.620834;-11.919099;;;;;;;;;;;
21.275434;26.981579;-12.439881;;;;;;;;;;;
23.920412;27.341787;-12.959889;;;;;;;;;;;
24.582254;27.519545;-12.7186365;;;;;;;;;;;
25.243114;27.697037;-12.477742;;;;;;;;;;;
25.197485;27.629091;-12.215886;;;;;;;;;;;
25.151924;27.561247;-11.954419;;;;;;;;;;;
25.174595;27.585794;-11.660239;;;;;;;;;;;
25.197233;27.610306;-11.366495;;;;;;;;;;;
25.219837;27.634779;-11.073188;;;;;;;;;;;
25.986347;27.684324;-10.640898;;;;;;;;;;;
26.751719;27.733795;-10.2092495;;;;;;;;;;;
27.745558;27.514736;-9.302902;;;;;;;;;;;
28.73792;27.296001;-8.397901;;;;;;;;;;;
28.747692;27.0926;-7.5753136;;;;;;;;;;;
28.757448;26.8895;-6.753948;;;;;;;;;;;
27.472172;26.758656;-6.4904943;;;;;;;;;;;
26.188805;26.628006;-6.227432;;;;;;;;;;;
24.907343;26.497551;-5.96476;;;;;;;;;;;
22.088991;26.558462;-5.3421507;;;;;;;;;;;
19.274826;26.619284;-4.720466;;;;;;;;;;;
14.663483;27.106264;-5.1610518;;;;;;;;;;;
10.058989;27.592522;-5.600983;;;;;;;;;;;
5.4613333;26.790192;-7.560258;;;;;;;;;;;
0.8705071;25.989052;-9.516623;;;;;;;;;;;
-3.7135;25.189102;-11.470081;;;;;;;;;;;
-8.290698;23.957779;-12.888352;;;;;;;;;;;
-12.861099;22.728285;-14.304517;;;;;;;;;;;
-17.424711;20.825686;-14.397329;;;;;;;;;;;
-21.981544;18.925913;-14.490005;;;;;;;;;;;
-26.53161;17.028961;-14.582541;;;;;;;;;;;
-31.019936;15.894054;-14.136063;;;;;;;;;;;
-35.501595;14.760833;-13.690247;;;;;;;;;;;
-39.492977;14.129882;-13.660262;;;;;;;;;;;
-43.478436;13.499868;-13.630322;;;;;;;;;;;
-45.219147;12.796313;-13.376853;;;;;;;;;;;
-46.957268;12.093803;-13.12376;;;;;;;;;;;
-46.577267;11.889418;-12.889137;;;;;;;;;;;
-46.19783;11.685335;-12.654862;;;;;;;;;;;
-45.989376;11.760252;-12.675086;;;;;;;;;;;
-45.78123;11.835058;-12.69528;;;;;;;;;;;
-45.573395;11.909753;-12.715445;;;;;;;;;;;
-44.441273;12.109168;-12.708648;;;;;;;;;;;
-43.310833;12.308288;-12.701861;;;;;;;;;;;
-41.099968;12.562514;-12.584;;;;;;;;;;;
-38.892384;12.816363;-12.466312;;;;;;;;;;;
-34.379963;13.3513365;-12.095211;;;;;;;;;;;
-29.874245;13.885514;-11.72466;;;;;;;;;;;
-25.220652;15.08331;-12.151476;;;;;;;;;;;
-20.57397;16.279327;-12.577659;;;;;;;;;;;
-15.934192;17.569508;-12.812595;;;;;;;;;;;
-11.301304;18.85777;-13.047183;;;;;;;;;;;
-6.6752973;20.14412;-13.281422;;;;;;;;;;;
-2.0561619;21.55311;-12.922995;;;;;;;;;;;
2.5561128;22.960007;-12.565101;;;;;;;;;;;
7.161537;24.833422;-11.558334;;;;;;;;;;;
11.76012;26.704054;-10.553063;;;;;;;;;;;
16.351873;27.875938;-9.967961;;;;;;;;;;;
20.936806;29.046082;-9.383729;;;;;;;;;;;
25.514929;30.214487;-8.800364;;;;;;;;;;;
27.276566;29.499289;-9.268973;;;;;;;;;;;
29.035585;28.785152;-9.736887;;;;;;;;;;;
29.360218;28.770151;-9.507013;;;;;;;;;;;
29.68437;28.755173;-9.277481;;;;;;;;;;;
30.008041;28.740217;-9.048289;;;;;;;;;;;
30.416508;28.837912;-8.628405;;;;;;;;;;;
30.824368;28.935461;-8.209143;;;;;;;;;;;
30.738329;28.798912;-8.18772;;;;;;;;;;;
30.652418;28.662565;-8.166329;;;;;;;;;;;
30.641813;28.695295;-8.04244;;;;;;;;;;;
30.631224;28.727976;-7.9187355;;;;;;;;;;;
30.62065;28.760609;-7.795214;;;;;;;;;;;
30.237421;28.632034;-7.742287;;;;;;;;;;;
29.854763;28.50365;-7.6894383;;;;;;;;;;;
28.611897;28.261288;-7.4713016;;;;;;;;;;;
27.370876;28.019283;-7.253489;;;;;;;;;;;
25.023226;27.720833;-7.356213;;;;;;;;;;;
22.679062;27.422827;-7.4587846;;;;;;;;;;;
20.338379;27.125261;-7.561204;;;;;;;;;;;
15.725455;27.05059;-7.4265723;;;;;;;;;;;
11.119385;26.976032;-7.2921405;;;;;;;;;;;
6.520155;26.357235;-7.677431;;;;;;;;;;;
1.9277561;25.739357;-8.062149;;;;;;;;;;;
-2.6578214;25.122396;-8.446297;;;;;;;;;;;
-7.236588;24.167765;-9.115302;;;;;;;;;;;
-11.808554;23.214552;-9.783314;;;;;;;;;;;
-16.37373;22.199776;-10.2316675;;;;;;;;;;;
-20.932125;21.186508;-10.679357;;;;;;;;;;;
-25.48375;20.429178;-10.885273;;;;;;;;;;;
-30.028614;19.672972;-11.090883;;;;;;;;;;;
-34.566727;18.917889;-11.296188;;;;;;;;;;;
-39.0981;17.860123;-11.99827;;;;;;;;;;;
-43.62274;16.80393;-12.699308;;;;;;;;;;;
-48.126354;16.078775;-13.512075;;;;;;;;;;;
-52.62328;15.354698;-14.323635;;;;;;;;;;;
-54.955345;14.588076;-14.178539;;;;;;;;;;;
-57.283947;13.822592;-14.033658;;;;;;;;;;;
-59.609093;13.058246;-13.888992;;;;;;;;;;;
-61.147293;12.5857935;-13.485061;;;;;;;;;;;
-62.683205;12.114042;-13.081728;;;;;;;;;;;
-62.619137;12.056198;-12.797094;;;;;;;;;;;
-62.555164;11.99844;-12.512883;;;;;;;;;;;
-62.491287;11.940767;-12.2290945;;;;;;;;;;;
-62.194393;11.966354;-12.038017;;;;;;;;;;;
-61.89794;11.991903;-11.847224;;;;;;;;;;;
-61.319584;12.021482;-11.781826;;;;;;;;;;;
-60.742085;12.051018;-11.716525;;;;;;;;;;;
-60.380882;12.03226;-11.596059;;;;;;;;;;;
-60.020218;12.013529;-11.475772;;;;;;;;;;;
-60.066;11.9739275;-11.408121;;;;;;;;;;;
-60.111717;11.934384;-11.34057;;;;;;;;;;;
-59.90532;11.963207;-11.315338;;;;;;;;;;;
-59.699226;11.991987;-11.290144;;;;;;;;;;;
-59.20198;12.014553;-11.170451;;;;;;;;;;;
-58.70547;12.037085;-11.050937;;;;;;;;;;;
-54.009056;12.40322;-10.475615;;;;;;;;;;;
-49.319614;12.768812;-9.901147;;;;;;;;;;;
-44.63714;13.448183;-9.3558655;;;;;;;;;;;
-39.96162;14.126545;-8.811394;;;;;;;;;;;
-35.293045;14.8039;-8.267731;;;;;;;;;;;
-30.631405;15.584181;-7.4442153;;;;;;;;;;;
-25.976688;16.363304;-6.6219225;;;;;;;;;;;
-21.328884;17.520533;-5.7614384;;;;;;;;;;;
-16.687984;18.67604;-4.902232;;;;;;;;;;;
-12.053978;19.356316;-5.309587;;;;;;;;;;;
-7.4268537;20.03558;-5.7163367;;;;;;;;;;;
-2.8066022;20.713835;-6.1224823;;;;;;;;;;;
-3.0992253;19.60305;-6.038938;;;;;;;;;;;
-3.3914135;18.493916;-5.9555182;;;;;;;;;;;
-4.8923483;18.338934;-5.8329496;;;;;;;;;;;
-6.391054;18.184181;-5.7105627;;;;;;;;;;;
-7.914183;17.804682;-5.663537;;;;;;;;;;;
-9.43505;17.425745;-5.616581;;;;;;;;;;;
-10.953657;17.04737;-5.5696945;;;;;;;;;;;
-12.182196;16.90225;-5.844494;;;;;;;;;;;
-13.40891;16.757345;-6.118885;;;;;;;;;;;
-16.926071;16.519243;-6.122167;;;;;;;;;;;
-20.438007;16.281494;-6.1254444;;;;;;;;;;;
-24.990364;16.252384;-5.729677;;;;;;;;;;;
-29.535961;16.223318;-5.334498;;;;;;;;;;;
-34.074806;15.088626;-6.9412746;;;;;;;;;;;
-38.60691;13.955619;-8.545665;;;;;;;;;;;
-43.132282;12.824295;-10.147672;;;;;;;;;;;
-47.650932;10.773004;-10.896342;;;;;;;;;;;
-52.16287;8.724759;-11.643901;;;;;;;;;;;
-56.668106;6.600169;-11.361823;;;;;;;;;;;
-61.166653;4.478735;-11.080165;;;;;;;;;;;
-65.658516;2.3604517;-10.798924;;;;;;;;;;;
-66.911835;1.7388026;-10.256517;;;;;;;;;;;
-68.1633;1.1180768;-9.714916;;;;;;;;;;;
-67.301994;1.7955371;-10.150608;;;;;;;;;;;
-66.44196;2.4719913;-10.585653;;;;;;;;;;;
-61.73406;3.9326155;-10.915419;;;;;;;;;;;
-57.033146;5.3910704;-11.244694;;;;;;;;;;;
-52.339214;7.5994334;-11.214134;;;;;;;;;;;
-47.652252;9.804517;-11.1836195;;;;;;;;;;;
-42.972256;12.006325;-11.153151;;;;;;;;;;;
-38.29921;15.215715;-10.225904;;;;;;;;;;;
-33.633106;18.42034;-9.300036;;;;;;;;;;;
-28.97393;19.803417;-9.607446;;;;;;;;;;;
-24.321674;21.184439;-9.914398;;;;;;;;;;;
-24.957956;19.634361;-9.20962;;;;;;;;;;;
-25.593294;18.086586;-8.50589;;;;;;;;;;;
-26.227688;16.541111;-7.803205;;;;;;;;;;;
-30.771446;15.866139;-6.9674754;;;;;;;;;;;
-35.308456;15.19217;-6.132987;;;;;;;;;;;
-39.838726;14.347243;-6.154482;;;;;;;;;;;
-44.362267;13.5035715;-6.1759453;;;;;;;;;;;
-48.87909;12.661153;-6.1973767;;;;;;;;;;;
-53.389202;10.95346;-7.609453;;;;;;;;;;;
-57.89262;9.248303;-9.019432;;;;;;;;;;;
-62.389347;6.1433606;-10.796762;;;;;;;;;;;
-66.879395;3.0430298;-12.571452;;;;;;;;;;;
-71.36278;-0.052696437;-14.343506;;;;;;;;;;;
-68.91935;-1.0107514;-9.723105;;;;;;;;;;;
-66.47955;-1.9673833;-5.109568;;;;;;;;;;;
-65.234604;-1.9773825;-9.586538;;;;;;;;;;;
-63.99151;-1.9873669;-14.056857;;;;;;;;;;;
-59.287243;0.31288493;-14.724683;;;;;;;;;;;
-54.589962;2.6097202;-15.391517;;;;;;;;;;;
-49.89966;5.220833;-14.896989;;;;;;;;;;;
-45.216324;7.828067;-14.403196;;;;;;;;;;;
-40.539944;10.431429;-13.910137;;;;;;;;;;;
-35.870506;13.3364105;-13.392703;;;;;;;;;;;
-31.208006;16.237078;-12.876038;;;;;;;;;;;
-26.552433;17.325344;-13.668905;;;;;;;;;;;
-21.903772;18.411993;-14.460595;;;;;;;;;;;
-24.26716;16.961971;-13.648359;;;;;;;;;;;
-26.627039;15.514104;-12.83733;;;;;;;;;;;
-31.170204;16.062181;-12.223027;;;;;;;;;;;
-35.70662;16.609446;-11.609637;;;;;;;;;;;
-40.2363;17.155897;-10.997158;;;;;;;;;;;
-44.759254;16.449575;-12.278397;;;;;;;;;;;
-49.275486;15.744304;-13.557732;;;;;;;;;;;
-53.78501;13.160035;-17.123928;;;;;;;;;;;
-58.287838;10.579605;-20.684828;;;;;;;;;;;
-62.783978;8.003008;-24.240438;;;;;;;;;;;
-67.273445;4.3596334;-26.012974;;;;;;;;;;;
-71.75623;0.7216704;-27.782875;;;;;;;;;;;
-67.501045;1.2379999;-26.55588;;;;;;;;;;;
-63.25218;1.7535625;-25.330708;;;;;;;;;;;
-59.009624;2.2683592;-24.107353;;;;;;;;;;;
-54.312756;4.220897;-22.02911;;;;;;;;;;;
-49.622864;6.1705356;-19.953953;;;;;;;;;;;
-44.939938;8.611553;-17.344402;;;;;;;;;;;
-40.26397;11.048945;-14.738727;;;;;;;;;;;
-35.594944;12.413937;-13.030097;;;;;;;;;;;
-30.932854;13.7769;-11.324005;;;;;;;;;;;
-26.277689;14.342566;-10.932439;;;;;;;;;;;
-21.629438;14.907392;-10.541453;;;;;;;;;;;
-16.98809;15.471378;-10.15105;;;;;;;;;;;
-19.951939;15.336033;-10.191402;;;;;;;;;;;
-22.911385;15.200889;-10.231695;;;;;;;;;;;
-27.46007;14.974075;-10.905343;;;;;;;;;;;
-32.001995;14.747599;-11.57799;;;;;;;;;;;
-36.537178;14.521459;-12.249638;;;;;;;;;;;
-41.065624;13.983295;-14.381936;;;;;;;;;;;
-45.587345;13.445931;-16.511066;;;;;;;;;;;
-50.10235;12.057987;-18.421455;;;;;;;;;;;
-54.610645;10.672105;-20.329008;;;;;;;;;;;
-59.112247;9.288281;-22.233728;;;;;;;;;;;
-63.607162;7.8076296;-23.145945;;;;;;;;;;;
-68.095406;6.329177;-24.056805;;;;;;;;;;;
-72.57698;4.85292;-24.966312;;;;;;;;;;;
-74.204056;4.198816;-24.7472;;;;;;;;;;;
-75.82871;3.545683;-24.528414;;;;;;;;;;;
-72.72813;4.20467;-24.12018;;;;;;;;;;;
-69.63215;4.8626785;-23.712553;;;;;;;;;;;
-66.54077;5.5197096;-23.30553;;;;;;;;;;;
-61.832718;7.0476203;-21.879704;;;;;;;;;;;
-57.131657;8.573261;-20.455996;;;;;;;;;;;
-52.437576;9.86633;-19.273264;;;;;;;;;;;
-47.750473;11.157478;-18.092289;;;;;;;;;;;
-43.070328;13.258393;-17.57131;;;;;;;;;;;
-38.397137;15.356188;-17.051104;;;;;;;;;;;
-33.899197;16.024282;-16.42914;;;;;;;;;;;
-29.407936;16.691385;-15.8081;;;;;;;;;;;
-24.92335;17.357498;-15.187982;;;;;;;;;;;
-25.938704;16.968987;-15.09462;;;;;;;;;;;
-26.952547;16.581053;-15.001396;;;;;;;;;;;
-31.24809;16.083872;-15.491652;;;;;;;;;;;
-35.537254;15.58743;-15.98118;;;;;;;;;;;
-40.067184;15.39651;-16.643904;;;;;;;;;;;
-44.59039;15.2058735;-17.305643;;;;;;;;;;;
-49.106876;15.01552;-17.966398;;;;;;;;;;;
-53.616653;14.028633;-18.891684;;;;;;;;;;;
-58.11973;13.043212;-19.815596;;;;;;;;;;;
-62.616123;12.118162;-21.041378;;;;;;;;;;;
-67.105835;11.194488;-22.265339;;;;;;;;;;;
-71.58888;10.272184;-23.487482;;;;;;;;;;;
-76.06526;8.358632;-24.006931;;;;;;;;;;;
-80.534996;6.4479218;-24.52561;;;;;;;;;;;
-82.85689;4.9778004;-24.123693;;;;;;;;;;;
-85.17533;3.5098627;-23.722372;;;;;;;;;;;
-84.80758;2.8099246;-23.169044;;;;;;;;;;;
-84.44037;2.111026;-22.616539;;;;;;;;;;;
-84.0737;1.4131656;-22.064854;;;;;;;;;;;
-82.740906;1.5684208;-22.180082;;;;;;;;;;;
-81.410095;1.7234454;-22.295141;;;;;;;;;;;
-76.679955;2.3723755;-22.954237;;;;;;;;;;;
-71.95684;3.0203419;-23.612354;;;;;;;;;;;
-67.24074;4.5717416;-24.05181;;;;;;;;;;;
-62.531643;6.120837;-24.490612;;;;;;;;;;;
-57.829544;8.342843;-24.909267;;;;;;;;;;;
-53.13443;10.561549;-25.3273;;;;;;;;;;;
-48.44629;12.776959;-25.74471;;;;;;;;;;;
-43.76511;14.384137;-25.682375;;;;;;;;;;;
-39.090885;15.988929;-25.620132;;;;;;;;;;;
-36.77983;16.412872;-25.571587;;;;;;;;;;;
-34.472206;16.836187;-25.523113;;;;;;;;;;;
-38.413784;15.947583;-25.59758;;;;;;;;;;;
-42.34951;15.060298;-25.671936;;;;;;;;;;;
-46.27939;14.174331;-25.746181;;;;;;;;;;;
-50.793365;12.975077;-25.784128;;;;;;;;;;;
-55.300636;11.777604;-25.82202;;;;;;;;;;;
-59.801212;10.605614;-26.177263;;;;;;;;;;;
-64.295105;9.435365;-26.531979;;;;;;;;;;;
-68.782326;8.266853;-26.886168;;;;;;;;;;;
-73.26288;6.265671;-27.179098;;;;;;;;;;;
-77.73678;4.267461;-27.471594;;;;;;;;;;;
-82.20403;2.272219;-27.763655;;;;;;;;;;;
-86.66465;0.5318474;-27.954294;;;;;;;;;;;
-91.11864;-1.2059392;-28.144651;;;;;;;;;;;
-95.38045;-2.5895128;-27.39779;;;;;;;;;;;
-99.635925;-3.9710317;-26.652037;;;;;;;;;;;
-98.818474;-3.833447;-26.466328;;;;;;;;;;;
-98.002235;-3.6960666;-26.280893;;;;;;;;;;;
-96.00903;-3.3779552;-26.238098;;;;;;;;;;;
-94.01878;-3.0603158;-26.195368;;;;;;;;;;;
-92.031494;-2.7431486;-26.1527;;;;;;;;;;;
-87.28558;-2.028535;-25.954409;;;;;;;;;;;
-82.54672;-1.3149827;-25.75641;;;;;;;;;;;
-77.814896;0.041863956;-25.772182;;;;;;;;;;;
-73.090096;1.3966953;-25.78793;;;;;;;;;;;
-68.372314;2.6695662;-25.762419;;;;;;;;;;;
-63.66154;3.9405465;-25.736946;;;;;;;;;;;
-58.957767;5.209639;-25.71151;;;;;;;;;;;
-54.26098;6.5340724;-25.707151;;;;;;;;;;;
-49.571163;7.856539;-25.7028;;;;;;;;;;;
-44.888313;8.662006;-25.632954;;;;;;;;;;;
-40.212418;9.466278;-25.56321;;;;;;;;;;;
-35.54347;9.990377;-25.6724;;;;;;;;;;;
-30.881456;10.513699;-25.78143;;;;;;;;;;;
-30.840498;10.3677635;-25.79997;;;;;;;;;;;
-30.799603;10.222046;-25.818483;;;;;;;;;;;
-30.758766;10.076544;-25.836967;;;;;;;;;;;
-35.295795;9.3824215;-25.74448;;;;;;;;;;;
-39.826088;8.68933;-25.65213;;;;;;;;;;;
-44.34965;8.023356;-25.571136;;;;;;;;;;;
-48.866493;7.3583717;-25.490265;;;;;;;;;;;
-53.376625;6.6943746;-25.409512;;;;;;;;;;;
-57.88006;6.169239;-25.419207;;;;;;;;;;;
-62.376804;5.644883;-25.428886;;;;;;;;;;;
-66.866875;4.935322;-25.814308;;;;;;;;;;;
-71.35027;4.2268143;-26.199158;;;;;;;;;;;
-75.82701;3.5193594;-26.583437;;;;;;;;;;;
-80.297104;2.6104198;-27.065746;;;;;;;;;;;
-84.76055;1.7028302;-27.54734;;;;;;;;;;;
-89.21738;0.3718816;-27.845741;;;;;;;;;;;
-93.66758;-0.9570901;-28.1437;;;;;;;;;;;
-98.11117;-2.284088;-28.441214;;;;;;;;;;;
-101.15215;-3.3141482;-27.933754;;;;;;;;;;;
-104.18862;-4.3426785;-27.42705;;;;;;;;;;;
-104.02391;-3.7558503;-24.388706;;;;;;;;;;;
-103.85945;-3.1698935;-21.354874;;;;;;;;;;;
-103.66101;-2.668823;-20.659754;;;;;;;;;;;
-103.46287;-2.1684968;-19.965668;;;;;;;;;;;
-103.265015;-1.6689136;-19.272612;;;;;;;;;;;
-103.19888;-2.8213527;-20.249538;;;;;;;;;;;
-103.13285;-3.9720802;-21.225014;;;;;;;;;;;
-99.326744;-4.0841565;-21.123386;;;;;;;;;;;
-95.52629;-4.1960664;-21.02191;;;;;;;;;;;
-90.77519;-3.6216586;-20.728428;;;;;;;;;;;
-86.03114;-3.0481038;-20.43538;;;;;;;;;;;
-81.29414;-2.475401;-20.14277;;;;;;;;;;;
-76.56418;-1.6193821;-19.758863;;;;;;;;;;;
-71.84124;-0.7646348;-19.375528;;;;;;;;;;;
-67.12531;0.04269748;-18.368885;;;;;;;;;;;
-62.41639;0.8488307;-17.363737;;;;;;;;;;;
-57.714462;1.4963949;-16.948614;;;;;;;;;;;
-53.01952;2.1429973;-16.534105;;;;;;;;;;;
-48.33155;2.7886393;-16.120214;;;;;;;;;;;
-43.650543;3.1766467;-15.703992;;;;;;;;;;;
-38.97649;3.5640779;-15.288387;;;;;;;;;;;
-34.30938;3.8402684;-15.046902;;;;;;;;;;;
-29.649199;4.1160483;-14.805775;;;;;;;;;;;
-24.99594;4.249476;-14.48562;;;;;;;;;;;
-20.349592;4.382705;-14.165939;;;;;;;;;;;
-15.710147;4.5157366;-13.846734;;;;;;;;;;;
-14.140448;4.485308;-13.70964;;;;;;;;;;;
